timestamp,test,payload_size,run,packets,returncode,command
1782428038,rtt,256,1,1000,0,/root/etherbench/etherbench fpga-rtt 192.168.1.12 1000 256 1234 9999 55555
1782428039,rtt,256,2,1000,0,/root/etherbench/etherbench fpga-rtt 192.168.1.12 1000 256 1234 9999 55555
1782428040,rtt,256,3,1000,0,/root/etherbench/etherbench fpga-rtt 192.168.1.12 1000 256 1234 9999 55555
1782428041,rtt,256,4,1000,0,/root/etherbench/etherbench fpga-rtt 192.168.1.12 1000 256 1234 9999 55555
1782428043,rtt,256,5,1000,0,/root/etherbench/etherbench fpga-rtt 192.168.1.12 1000 256 1234 9999 55555
1782428044,rtt,256,6,1000,0,/root/etherbench/etherbench fpga-rtt 192.168.1.12 1000 256 1234 9999 55555
1782428045,rtt,256,7,1000,0,/root/etherbench/etherbench fpga-rtt 192.168.1.12 1000 256 1234 9999 55555
1782428046,rtt,256,8,1000,0,/root/etherbench/etherbench fpga-rtt 192.168.1.12 1000 256 1234 9999 55555
1782428047,rtt,256,9,1000,0,/root/etherbench/etherbench fpga-rtt 192.168.1.12 1000 256 1234 9999 55555
1782428048,rtt,256,10,1000,0,/root/etherbench/etherbench fpga-rtt 192.168.1.12 1000 256 1234 9999 55555
1782428049,rtt,320,1,1000,0,/root/etherbench/etherbench fpga-rtt 192.168.1.12 1000 320 1234 9999 55555
1782428050,rtt,320,2,1000,0,/root/etherbench/etherbench fpga-rtt 192.168.1.12 1000 320 1234 9999 55555
1782428051,rtt,320,3,1000,0,/root/etherbench/etherbench fpga-rtt 192.168.1.12 1000 320 1234 9999 55555
1782428052,rtt,320,4,1000,0,/root/etherbench/etherbench fpga-rtt 192.168.1.12 1000 320 1234 9999 55555
1782428053,rtt,320,5,1000,0,/root/etherbench/etherbench fpga-rtt 192.168.1.12 1000 320 1234 9999 55555
1782428054,rtt,320,6,1000,0,/root/etherbench/etherbench fpga-rtt 192.168.1.12 1000 320 1234 9999 55555
1782428055,rtt,320,7,1000,0,/root/etherbench/etherbench fpga-rtt 192.168.1.12 1000 320 1234 9999 55555
1782428056,rtt,320,8,1000,0,/root/etherbench/etherbench fpga-rtt 192.168.1.12 1000 320 1234 9999 55555
1782428057,rtt,320,9,1000,0,/root/etherbench/etherbench fpga-rtt 192.168.1.12 1000 320 1234 9999 55555
1782428058,rtt,320,10,1000,0,/root/etherbench/etherbench fpga-rtt 192.168.1.12 1000 320 1234 9999 55555
1782428059,rtt,384,1,1000,0,/root/etherbench/etherbench fpga-rtt 192.168.1.12 1000 384 1234 9999 55555
1782428060,rtt,384,2,1000,0,/root/etherbench/etherbench fpga-rtt 192.168.1.12 1000 384 1234 9999 55555
1782428061,rtt,384,3,1000,0,/root/etherbench/etherbench fpga-rtt 192.168.1.12 1000 384 1234 9999 55555
1782428062,rtt,384,4,1000,0,/root/etherbench/etherbench fpga-rtt 192.168.1.12 1000 384 1234 9999 55555
1782428063,rtt,384,5,1000,0,/root/etherbench/etherbench fpga-rtt 192.168.1.12 1000 384 1234 9999 55555
1782428064,rtt,384,6,1000,0,/root/etherbench/etherbench fpga-rtt 192.168.1.12 1000 384 1234 9999 55555
1782428065,rtt,384,7,1000,0,/root/etherbench/etherbench fpga-rtt 192.168.1.12 1000 384 1234 9999 55555
1782428066,rtt,384,8,1000,0,/root/etherbench/etherbench fpga-rtt 192.168.1.12 1000 384 1234 9999 55555
1782428068,rtt,384,9,1000,0,/root/etherbench/etherbench fpga-rtt 192.168.1.12 1000 384 1234 9999 55555
1782428069,rtt,384,10,1000,0,/root/etherbench/etherbench fpga-rtt 192.168.1.12 1000 384 1234 9999 55555
1782428070,rtt,448,1,1000,0,/root/etherbench/etherbench fpga-rtt 192.168.1.12 1000 448 1234 9999 55555
1782428071,rtt,448,2,1000,0,/root/etherbench/etherbench fpga-rtt 192.168.1.12 1000 448 1234 9999 55555
1782428072,rtt,448,3,1000,0,/root/etherbench/etherbench fpga-rtt 192.168.1.12 1000 448 1234 9999 55555
1782428073,rtt,448,4,1000,0,/root/etherbench/etherbench fpga-rtt 192.168.1.12 1000 448 1234 9999 55555
1782428074,rtt,448,5,1000,0,/root/etherbench/etherbench fpga-rtt 192.168.1.12 1000 448 1234 9999 55555
1782428075,rtt,448,6,1000,0,/root/etherbench/etherbench fpga-rtt 192.168.1.12 1000 448 1234 9999 55555
1782428076,rtt,448,7,1000,0,/root/etherbench/etherbench fpga-rtt 192.168.1.12 1000 448 1234 9999 55555
1782428077,rtt,448,8,1000,0,/root/etherbench/etherbench fpga-rtt 192.168.1.12 1000 448 1234 9999 55555
1782428078,rtt,448,9,1000,0,/root/etherbench/etherbench fpga-rtt 192.168.1.12 1000 448 1234 9999 55555
1782428079,rtt,448,10,1000,0,/root/etherbench/etherbench fpga-rtt 192.168.1.12 1000 448 1234 9999 55555
1782428080,rtt,512,1,1000,0,/root/etherbench/etherbench fpga-rtt 192.168.1.12 1000 512 1234 9999 55555
1782428081,rtt,512,2,1000,0,/root/etherbench/etherbench fpga-rtt 192.168.1.12 1000 512 1234 9999 55555
1782428082,rtt,512,3,1000,0,/root/etherbench/etherbench fpga-rtt 192.168.1.12 1000 512 1234 9999 55555
1782428083,rtt,512,4,1000,0,/root/etherbench/etherbench fpga-rtt 192.168.1.12 1000 512 1234 9999 55555
1782428084,rtt,512,5,1000,0,/root/etherbench/etherbench fpga-rtt 192.168.1.12 1000 512 1234 9999 55555
1782428085,rtt,512,6,1000,0,/root/etherbench/etherbench fpga-rtt 192.168.1.12 1000 512 1234 9999 55555
1782428086,rtt,512,7,1000,0,/root/etherbench/etherbench fpga-rtt 192.168.1.12 1000 512 1234 9999 55555
1782428087,rtt,512,8,1000,0,/root/etherbench/etherbench fpga-rtt 192.168.1.12 1000 512 1234 9999 55555
1782428088,rtt,512,9,1000,0,/root/etherbench/etherbench fpga-rtt 192.168.1.12 1000 512 1234 9999 55555
1782428090,rtt,512,10,1000,0,/root/etherbench/etherbench fpga-rtt 192.168.1.12 1000 512 1234 9999 55555
1782428091,rtt,576,1,1000,0,/root/etherbench/etherbench fpga-rtt 192.168.1.12 1000 576 1234 9999 55555
1782428092,rtt,576,2,1000,0,/root/etherbench/etherbench fpga-rtt 192.168.1.12 1000 576 1234 9999 55555
1782428093,rtt,576,3,1000,0,/root/etherbench/etherbench fpga-rtt 192.168.1.12 1000 576 1234 9999 55555
1782428094,rtt,576,4,1000,0,/root/etherbench/etherbench fpga-rtt 192.168.1.12 1000 576 1234 9999 55555
1782428095,rtt,576,5,1000,0,/root/etherbench/etherbench fpga-rtt 192.168.1.12 1000 576 1234 9999 55555
1782428096,rtt,576,6,1000,0,/root/etherbench/etherbench fpga-rtt 192.168.1.12 1000 576 1234 9999 55555
1782428097,rtt,576,7,1000,0,/root/etherbench/etherbench fpga-rtt 192.168.1.12 1000 576 1234 9999 55555
1782428098,rtt,576,8,1000,0,/root/etherbench/etherbench fpga-rtt 192.168.1.12 1000 576 1234 9999 55555
1782428099,rtt,576,9,1000,0,/root/etherbench/etherbench fpga-rtt 192.168.1.12 1000 576 1234 9999 55555
1782428100,rtt,576,10,1000,0,/root/etherbench/etherbench fpga-rtt 192.168.1.12 1000 576 1234 9999 55555
1782428101,rtt,640,1,1000,0,/root/etherbench/etherbench fpga-rtt 192.168.1.12 1000 640 1234 9999 55555
1782428102,rtt,640,2,1000,0,/root/etherbench/etherbench fpga-rtt 192.168.1.12 1000 640 1234 9999 55555
1782428103,rtt,640,3,1000,0,/root/etherbench/etherbench fpga-rtt 192.168.1.12 1000 640 1234 9999 55555
1782428104,rtt,640,4,1000,0,/root/etherbench/etherbench fpga-rtt 192.168.1.12 1000 640 1234 9999 55555
1782428105,rtt,640,5,1000,0,/root/etherbench/etherbench fpga-rtt 192.168.1.12 1000 640 1234 9999 55555
1782428106,rtt,640,6,1000,0,/root/etherbench/etherbench fpga-rtt 192.168.1.12 1000 640 1234 9999 55555
1782428107,rtt,640,7,1000,0,/root/etherbench/etherbench fpga-rtt 192.168.1.12 1000 640 1234 9999 55555
1782428108,rtt,640,8,1000,0,/root/etherbench/etherbench fpga-rtt 192.168.1.12 1000 640 1234 9999 55555
1782428110,rtt,640,9,1000,0,/root/etherbench/etherbench fpga-rtt 192.168.1.12 1000 640 1234 9999 55555
1782428111,rtt,640,10,1000,0,/root/etherbench/etherbench fpga-rtt 192.168.1.12 1000 640 1234 9999 55555
1782428112,rtt,704,1,1000,0,/root/etherbench/etherbench fpga-rtt 192.168.1.12 1000 704 1234 9999 55555
1782428113,rtt,704,2,1000,0,/root/etherbench/etherbench fpga-rtt 192.168.1.12 1000 704 1234 9999 55555
1782428114,rtt,704,3,1000,0,/root/etherbench/etherbench fpga-rtt 192.168.1.12 1000 704 1234 9999 55555
1782428115,rtt,704,4,1000,0,/root/etherbench/etherbench fpga-rtt 192.168.1.12 1000 704 1234 9999 55555
1782428116,rtt,704,5,1000,0,/root/etherbench/etherbench fpga-rtt 192.168.1.12 1000 704 1234 9999 55555
1782428117,rtt,704,6,1000,0,/root/etherbench/etherbench fpga-rtt 192.168.1.12 1000 704 1234 9999 55555
1782428118,rtt,704,7,1000,0,/root/etherbench/etherbench fpga-rtt 192.168.1.12 1000 704 1234 9999 55555
1782428119,rtt,704,8,1000,0,/root/etherbench/etherbench fpga-rtt 192.168.1.12 1000 704 1234 9999 55555
1782428120,rtt,704,9,1000,0,/root/etherbench/etherbench fpga-rtt 192.168.1.12 1000 704 1234 9999 55555
1782428121,rtt,704,10,1000,0,/root/etherbench/etherbench fpga-rtt 192.168.1.12 1000 704 1234 9999 55555
1782428122,rtt,768,1,1000,0,/root/etherbench/etherbench fpga-rtt 192.168.1.12 1000 768 1234 9999 55555
1782428123,rtt,768,2,1000,0,/root/etherbench/etherbench fpga-rtt 192.168.1.12 1000 768 1234 9999 55555
1782428124,rtt,768,3,1000,0,/root/etherbench/etherbench fpga-rtt 192.168.1.12 1000 768 1234 9999 55555
1782428125,rtt,768,4,1000,0,/root/etherbench/etherbench fpga-rtt 192.168.1.12 1000 768 1234 9999 55555
1782428126,rtt,768,5,1000,0,/root/etherbench/etherbench fpga-rtt 192.168.1.12 1000 768 1234 9999 55555
1782428128,rtt,768,6,1000,0,/root/etherbench/etherbench fpga-rtt 192.168.1.12 1000 768 1234 9999 55555
1782428129,rtt,768,7,1000,0,/root/etherbench/etherbench fpga-rtt 192.168.1.12 1000 768 1234 9999 55555
1782428130,rtt,768,8,1000,0,/root/etherbench/etherbench fpga-rtt 192.168.1.12 1000 768 1234 9999 55555
1782428131,rtt,768,9,1000,0,/root/etherbench/etherbench fpga-rtt 192.168.1.12 1000 768 1234 9999 55555
1782428132,rtt,768,10,1000,0,/root/etherbench/etherbench fpga-rtt 192.168.1.12 1000 768 1234 9999 55555
1782428133,rtt,832,1,1000,0,/root/etherbench/etherbench fpga-rtt 192.168.1.12 1000 832 1234 9999 55555
1782428134,rtt,832,2,1000,0,/root/etherbench/etherbench fpga-rtt 192.168.1.12 1000 832 1234 9999 55555
1782428135,rtt,832,3,1000,0,/root/etherbench/etherbench fpga-rtt 192.168.1.12 1000 832 1234 9999 55555
1782428136,rtt,832,4,1000,0,/root/etherbench/etherbench fpga-rtt 192.168.1.12 1000 832 1234 9999 55555
1782428137,rtt,832,5,1000,0,/root/etherbench/etherbench fpga-rtt 192.168.1.12 1000 832 1234 9999 55555
1782428138,rtt,832,6,1000,0,/root/etherbench/etherbench fpga-rtt 192.168.1.12 1000 832 1234 9999 55555
1782428139,rtt,832,7,1000,0,/root/etherbench/etherbench fpga-rtt 192.168.1.12 1000 832 1234 9999 55555
1782428140,rtt,832,8,1000,0,/root/etherbench/etherbench fpga-rtt 192.168.1.12 1000 832 1234 9999 55555
1782428141,rtt,832,9,1000,0,/root/etherbench/etherbench fpga-rtt 192.168.1.12 1000 832 1234 9999 55555
1782428142,rtt,832,10,1000,0,/root/etherbench/etherbench fpga-rtt 192.168.1.12 1000 832 1234 9999 55555
1782428143,rtt,896,1,1000,0,/root/etherbench/etherbench fpga-rtt 192.168.1.12 1000 896 1234 9999 55555
1782428145,rtt,896,2,1000,0,/root/etherbench/etherbench fpga-rtt 192.168.1.12 1000 896 1234 9999 55555
1782428146,rtt,896,3,1000,0,/root/etherbench/etherbench fpga-rtt 192.168.1.12 1000 896 1234 9999 55555
1782428147,rtt,896,4,1000,0,/root/etherbench/etherbench fpga-rtt 192.168.1.12 1000 896 1234 9999 55555
1782428148,rtt,896,5,1000,0,/root/etherbench/etherbench fpga-rtt 192.168.1.12 1000 896 1234 9999 55555
1782428149,rtt,896,6,1000,0,/root/etherbench/etherbench fpga-rtt 192.168.1.12 1000 896 1234 9999 55555
1782428150,rtt,896,7,1000,0,/root/etherbench/etherbench fpga-rtt 192.168.1.12 1000 896 1234 9999 55555
1782428151,rtt,896,8,1000,0,/root/etherbench/etherbench fpga-rtt 192.168.1.12 1000 896 1234 9999 55555
1782428152,rtt,896,9,1000,0,/root/etherbench/etherbench fpga-rtt 192.168.1.12 1000 896 1234 9999 55555
1782428153,rtt,896,10,1000,0,/root/etherbench/etherbench fpga-rtt 192.168.1.12 1000 896 1234 9999 55555
1782428154,rtt,960,1,1000,0,/root/etherbench/etherbench fpga-rtt 192.168.1.12 1000 960 1234 9999 55555
1782428155,rtt,960,2,1000,0,/root/etherbench/etherbench fpga-rtt 192.168.1.12 1000 960 1234 9999 55555
1782428156,rtt,960,3,1000,0,/root/etherbench/etherbench fpga-rtt 192.168.1.12 1000 960 1234 9999 55555
1782428157,rtt,960,4,1000,0,/root/etherbench/etherbench fpga-rtt 192.168.1.12 1000 960 1234 9999 55555
1782428158,rtt,960,5,1000,0,/root/etherbench/etherbench fpga-rtt 192.168.1.12 1000 960 1234 9999 55555
1782428159,rtt,960,6,1000,0,/root/etherbench/etherbench fpga-rtt 192.168.1.12 1000 960 1234 9999 55555
1782428161,rtt,960,7,1000,0,/root/etherbench/etherbench fpga-rtt 192.168.1.12 1000 960 1234 9999 55555
1782428162,rtt,960,8,1000,0,/root/etherbench/etherbench fpga-rtt 192.168.1.12 1000 960 1234 9999 55555
1782428163,rtt,960,9,1000,0,/root/etherbench/etherbench fpga-rtt 192.168.1.12 1000 960 1234 9999 55555
1782428164,rtt,960,10,1000,0,/root/etherbench/etherbench fpga-rtt 192.168.1.12 1000 960 1234 9999 55555
1782428165,rtt,1024,1,1000,0,/root/etherbench/etherbench fpga-rtt 192.168.1.12 1000 1024 1234 9999 55555
1782428166,rtt,1024,2,1000,0,/root/etherbench/etherbench fpga-rtt 192.168.1.12 1000 1024 1234 9999 55555
1782428167,rtt,1024,3,1000,0,/root/etherbench/etherbench fpga-rtt 192.168.1.12 1000 1024 1234 9999 55555
1782428168,rtt,1024,4,1000,0,/root/etherbench/etherbench fpga-rtt 192.168.1.12 1000 1024 1234 9999 55555
1782428169,rtt,1024,5,1000,0,/root/etherbench/etherbench fpga-rtt 192.168.1.12 1000 1024 1234 9999 55555
1782428170,rtt,1024,6,1000,0,/root/etherbench/etherbench fpga-rtt 192.168.1.12 1000 1024 1234 9999 55555
1782428171,rtt,1024,7,1000,0,/root/etherbench/etherbench fpga-rtt 192.168.1.12 1000 1024 1234 9999 55555
1782428172,rtt,1024,8,1000,0,/root/etherbench/etherbench fpga-rtt 192.168.1.12 1000 1024 1234 9999 55555
1782428173,rtt,1024,9,1000,0,/root/etherbench/etherbench fpga-rtt 192.168.1.12 1000 1024 1234 9999 55555
1782428174,rtt,1024,10,1000,0,/root/etherbench/etherbench fpga-rtt 192.168.1.12 1000 1024 1234 9999 55555
1782428176,rtt,1088,1,1000,0,/root/etherbench/etherbench fpga-rtt 192.168.1.12 1000 1088 1234 9999 55555
1782428177,rtt,1088,2,1000,0,/root/etherbench/etherbench fpga-rtt 192.168.1.12 1000 1088 1234 9999 55555
1782428178,rtt,1088,3,1000,0,/root/etherbench/etherbench fpga-rtt 192.168.1.12 1000 1088 1234 9999 55555
1782428179,rtt,1088,4,1000,0,/root/etherbench/etherbench fpga-rtt 192.168.1.12 1000 1088 1234 9999 55555
1782428180,rtt,1088,5,1000,0,/root/etherbench/etherbench fpga-rtt 192.168.1.12 1000 1088 1234 9999 55555
1782428181,rtt,1088,6,1000,0,/root/etherbench/etherbench fpga-rtt 192.168.1.12 1000 1088 1234 9999 55555
1782428182,rtt,1088,7,1000,0,/root/etherbench/etherbench fpga-rtt 192.168.1.12 1000 1088 1234 9999 55555
1782428183,rtt,1088,8,1000,0,/root/etherbench/etherbench fpga-rtt 192.168.1.12 1000 1088 1234 9999 55555
1782428184,rtt,1088,9,1000,0,/root/etherbench/etherbench fpga-rtt 192.168.1.12 1000 1088 1234 9999 55555
1782428185,rtt,1088,10,1000,0,/root/etherbench/etherbench fpga-rtt 192.168.1.12 1000 1088 1234 9999 55555
1782428186,rtt,1152,1,1000,0,/root/etherbench/etherbench fpga-rtt 192.168.1.12 1000 1152 1234 9999 55555
1782428187,rtt,1152,2,1000,0,/root/etherbench/etherbench fpga-rtt 192.168.1.12 1000 1152 1234 9999 55555
1782428188,rtt,1152,3,1000,0,/root/etherbench/etherbench fpga-rtt 192.168.1.12 1000 1152 1234 9999 55555
1782428190,rtt,1152,4,1000,0,/root/etherbench/etherbench fpga-rtt 192.168.1.12 1000 1152 1234 9999 55555
1782428191,rtt,1152,5,1000,0,/root/etherbench/etherbench fpga-rtt 192.168.1.12 1000 1152 1234 9999 55555
1782428192,rtt,1152,6,1000,0,/root/etherbench/etherbench fpga-rtt 192.168.1.12 1000 1152 1234 9999 55555
1782428193,rtt,1152,7,1000,0,/root/etherbench/etherbench fpga-rtt 192.168.1.12 1000 1152 1234 9999 55555
1782428194,rtt,1152,8,1000,0,/root/etherbench/etherbench fpga-rtt 192.168.1.12 1000 1152 1234 9999 55555
1782428195,rtt,1152,9,1000,0,/root/etherbench/etherbench fpga-rtt 192.168.1.12 1000 1152 1234 9999 55555
1782428196,rtt,1152,10,1000,0,/root/etherbench/etherbench fpga-rtt 192.168.1.12 1000 1152 1234 9999 55555
1782428197,rtt,1216,1,1000,0,/root/etherbench/etherbench fpga-rtt 192.168.1.12 1000 1216 1234 9999 55555
1782428198,rtt,1216,2,1000,0,/root/etherbench/etherbench fpga-rtt 192.168.1.12 1000 1216 1234 9999 55555
1782428199,rtt,1216,3,1000,0,/root/etherbench/etherbench fpga-rtt 192.168.1.12 1000 1216 1234 9999 55555
1782428200,rtt,1216,4,1000,0,/root/etherbench/etherbench fpga-rtt 192.168.1.12 1000 1216 1234 9999 55555
1782428201,rtt,1216,5,1000,0,/root/etherbench/etherbench fpga-rtt 192.168.1.12 1000 1216 1234 9999 55555
1782428202,rtt,1216,6,1000,0,/root/etherbench/etherbench fpga-rtt 192.168.1.12 1000 1216 1234 9999 55555
1782428204,rtt,1216,7,1000,0,/root/etherbench/etherbench fpga-rtt 192.168.1.12 1000 1216 1234 9999 55555
1782428205,rtt,1216,8,1000,0,/root/etherbench/etherbench fpga-rtt 192.168.1.12 1000 1216 1234 9999 55555
1782428206,rtt,1216,9,1000,0,/root/etherbench/etherbench fpga-rtt 192.168.1.12 1000 1216 1234 9999 55555
1782428207,rtt,1216,10,1000,0,/root/etherbench/etherbench fpga-rtt 192.168.1.12 1000 1216 1234 9999 55555
1782428208,rtt,1280,1,1000,0,/root/etherbench/etherbench fpga-rtt 192.168.1.12 1000 1280 1234 9999 55555
1782428209,rtt,1280,2,1000,0,/root/etherbench/etherbench fpga-rtt 192.168.1.12 1000 1280 1234 9999 55555
1782428210,rtt,1280,3,1000,0,/root/etherbench/etherbench fpga-rtt 192.168.1.12 1000 1280 1234 9999 55555
1782428211,rtt,1280,4,1000,0,/root/etherbench/etherbench fpga-rtt 192.168.1.12 1000 1280 1234 9999 55555
1782428212,rtt,1280,5,1000,0,/root/etherbench/etherbench fpga-rtt 192.168.1.12 1000 1280 1234 9999 55555
1782428213,rtt,1280,6,1000,0,/root/etherbench/etherbench fpga-rtt 192.168.1.12 1000 1280 1234 9999 55555
1782428214,rtt,1280,7,1000,0,/root/etherbench/etherbench fpga-rtt 192.168.1.12 1000 1280 1234 9999 55555
1782428215,rtt,1280,8,1000,0,/root/etherbench/etherbench fpga-rtt 192.168.1.12 1000 1280 1234 9999 55555
1782428217,rtt,1280,9,1000,0,/root/etherbench/etherbench fpga-rtt 192.168.1.12 1000 1280 1234 9999 55555
1782428218,rtt,1280,10,1000,0,/root/etherbench/etherbench fpga-rtt 192.168.1.12 1000 1280 1234 9999 55555
1782428219,rtt,1344,1,1000,0,/root/etherbench/etherbench fpga-rtt 192.168.1.12 1000 1344 1234 9999 55555
1782428220,rtt,1344,2,1000,0,/root/etherbench/etherbench fpga-rtt 192.168.1.12 1000 1344 1234 9999 55555
1782428221,rtt,1344,3,1000,0,/root/etherbench/etherbench fpga-rtt 192.168.1.12 1000 1344 1234 9999 55555
1782428222,rtt,1344,4,1000,0,/root/etherbench/etherbench fpga-rtt 192.168.1.12 1000 1344 1234 9999 55555
1782428223,rtt,1344,5,1000,0,/root/etherbench/etherbench fpga-rtt 192.168.1.12 1000 1344 1234 9999 55555
1782428224,rtt,1344,6,1000,0,/root/etherbench/etherbench fpga-rtt 192.168.1.12 1000 1344 1234 9999 55555
1782428225,rtt,1344,7,1000,0,/root/etherbench/etherbench fpga-rtt 192.168.1.12 1000 1344 1234 9999 55555
1782428226,rtt,1344,8,1000,0,/root/etherbench/etherbench fpga-rtt 192.168.1.12 1000 1344 1234 9999 55555
1782428227,rtt,1344,9,1000,0,/root/etherbench/etherbench fpga-rtt 192.168.1.12 1000 1344 1234 9999 55555
1782428229,rtt,1344,10,1000,0,/root/etherbench/etherbench fpga-rtt 192.168.1.12 1000 1344 1234 9999 55555
1782428230,rtt,1408,1,1000,0,/root/etherbench/etherbench fpga-rtt 192.168.1.12 1000 1408 1234 9999 55555
1782428231,rtt,1408,2,1000,0,/root/etherbench/etherbench fpga-rtt 192.168.1.12 1000 1408 1234 9999 55555
1782428232,rtt,1408,3,1000,0,/root/etherbench/etherbench fpga-rtt 192.168.1.12 1000 1408 1234 9999 55555
1782428233,rtt,1408,4,1000,0,/root/etherbench/etherbench fpga-rtt 192.168.1.12 1000 1408 1234 9999 55555
1782428234,rtt,1408,5,1000,0,/root/etherbench/etherbench fpga-rtt 192.168.1.12 1000 1408 1234 9999 55555
1782428235,rtt,1408,6,1000,0,/root/etherbench/etherbench fpga-rtt 192.168.1.12 1000 1408 1234 9999 55555
1782428236,rtt,1408,7,1000,0,/root/etherbench/etherbench fpga-rtt 192.168.1.12 1000 1408 1234 9999 55555
1782428237,rtt,1408,8,1000,0,/root/etherbench/etherbench fpga-rtt 192.168.1.12 1000 1408 1234 9999 55555
1782428238,rtt,1408,9,1000,0,/root/etherbench/etherbench fpga-rtt 192.168.1.12 1000 1408 1234 9999 55555
1782428239,rtt,1408,10,1000,0,/root/etherbench/etherbench fpga-rtt 192.168.1.12 1000 1408 1234 9999 55555
1782428240,rtt,1472,1,1000,0,/root/etherbench/etherbench fpga-rtt 192.168.1.12 1000 1472 1234 9999 55555
1782428242,rtt,1472,2,1000,0,/root/etherbench/etherbench fpga-rtt 192.168.1.12 1000 1472 1234 9999 55555
1782428243,rtt,1472,3,1000,0,/root/etherbench/etherbench fpga-rtt 192.168.1.12 1000 1472 1234 9999 55555
1782428244,rtt,1472,4,1000,0,/root/etherbench/etherbench fpga-rtt 192.168.1.12 1000 1472 1234 9999 55555
1782428245,rtt,1472,5,1000,0,/root/etherbench/etherbench fpga-rtt 192.168.1.12 1000 1472 1234 9999 55555
1782428246,rtt,1472,6,1000,0,/root/etherbench/etherbench fpga-rtt 192.168.1.12 1000 1472 1234 9999 55555
1782428247,rtt,1472,7,1000,0,/root/etherbench/etherbench fpga-rtt 192.168.1.12 1000 1472 1234 9999 55555
1782428248,rtt,1472,8,1000,0,/root/etherbench/etherbench fpga-rtt 192.168.1.12 1000 1472 1234 9999 55555
1782428249,rtt,1472,9,1000,0,/root/etherbench/etherbench fpga-rtt 192.168.1.12 1000 1472 1234 9999 55555
1782428250,rtt,1472,10,1000,0,/root/etherbench/etherbench fpga-rtt 192.168.1.12 1000 1472 1234 9999 55555
1782428252,loopback,256,1,100000,0,/root/etherbench/etherbench fpga-loopback-test corundum0 192.168.1.12 100000 256 1234 9999 55555
1782428253,loopback,256,2,100000,0,/root/etherbench/etherbench fpga-loopback-test corundum0 192.168.1.12 100000 256 1234 9999 55555
1782428254,loopback,256,3,100000,0,/root/etherbench/etherbench fpga-loopback-test corundum0 192.168.1.12 100000 256 1234 9999 55555
1782428256,loopback,256,4,100000,0,/root/etherbench/etherbench fpga-loopback-test corundum0 192.168.1.12 100000 256 1234 9999 55555
1782428257,loopback,256,5,100000,0,/root/etherbench/etherbench fpga-loopback-test corundum0 192.168.1.12 100000 256 1234 9999 55555
1782428258,loopback,256,6,100000,0,/root/etherbench/etherbench fpga-loopback-test corundum0 192.168.1.12 100000 256 1234 9999 55555
1782428260,loopback,256,7,100000,0,/root/etherbench/etherbench fpga-loopback-test corundum0 192.168.1.12 100000 256 1234 9999 55555
1782428261,loopback,256,8,100000,0,/root/etherbench/etherbench fpga-loopback-test corundum0 192.168.1.12 100000 256 1234 9999 55555
1782428262,loopback,256,9,100000,0,/root/etherbench/etherbench fpga-loopback-test corundum0 192.168.1.12 100000 256 1234 9999 55555
1782428263,loopback,256,10,100000,0,/root/etherbench/etherbench fpga-loopback-test corundum0 192.168.1.12 100000 256 1234 9999 55555
1782428265,loopback,320,1,100000,0,/root/etherbench/etherbench fpga-loopback-test corundum0 192.168.1.12 100000 320 1234 9999 55555
1782428266,loopback,320,2,100000,0,/root/etherbench/etherbench fpga-loopback-test corundum0 192.168.1.12 100000 320 1234 9999 55555
1782428268,loopback,320,3,100000,0,/root/etherbench/etherbench fpga-loopback-test corundum0 192.168.1.12 100000 320 1234 9999 55555
1782428269,loopback,320,4,100000,0,/root/etherbench/etherbench fpga-loopback-test corundum0 192.168.1.12 100000 320 1234 9999 55555
1782428270,loopback,320,5,100000,0,/root/etherbench/etherbench fpga-loopback-test corundum0 192.168.1.12 100000 320 1234 9999 55555
1782428272,loopback,320,6,100000,0,/root/etherbench/etherbench fpga-loopback-test corundum0 192.168.1.12 100000 320 1234 9999 55555
1782428273,loopback,320,7,100000,0,/root/etherbench/etherbench fpga-loopback-test corundum0 192.168.1.12 100000 320 1234 9999 55555
1782428274,loopback,320,8,100000,0,/root/etherbench/etherbench fpga-loopback-test corundum0 192.168.1.12 100000 320 1234 9999 55555
1782428276,loopback,320,9,100000,0,/root/etherbench/etherbench fpga-loopback-test corundum0 192.168.1.12 100000 320 1234 9999 55555
1782428277,loopback,320,10,100000,0,/root/etherbench/etherbench fpga-loopback-test corundum0 192.168.1.12 100000 320 1234 9999 55555
1782428279,loopback,384,1,100000,0,/root/etherbench/etherbench fpga-loopback-test corundum0 192.168.1.12 100000 384 1234 9999 55555
1782428280,loopback,384,2,100000,0,/root/etherbench/etherbench fpga-loopback-test corundum0 192.168.1.12 100000 384 1234 9999 55555
1782428281,loopback,384,3,100000,0,/root/etherbench/etherbench fpga-loopback-test corundum0 192.168.1.12 100000 384 1234 9999 55555
1782428283,loopback,384,4,100000,0,/root/etherbench/etherbench fpga-loopback-test corundum0 192.168.1.12 100000 384 1234 9999 55555
1782428284,loopback,384,5,100000,0,/root/etherbench/etherbench fpga-loopback-test corundum0 192.168.1.12 100000 384 1234 9999 55555
1782428286,loopback,384,6,100000,0,/root/etherbench/etherbench fpga-loopback-test corundum0 192.168.1.12 100000 384 1234 9999 55555
1782428287,loopback,384,7,100000,0,/root/etherbench/etherbench fpga-loopback-test corundum0 192.168.1.12 100000 384 1234 9999 55555
1782428288,loopback,384,8,100000,0,/root/etherbench/etherbench fpga-loopback-test corundum0 192.168.1.12 100000 384 1234 9999 55555
1782428290,loopback,384,9,100000,0,/root/etherbench/etherbench fpga-loopback-test corundum0 192.168.1.12 100000 384 1234 9999 55555
1782428291,loopback,384,10,100000,0,/root/etherbench/etherbench fpga-loopback-test corundum0 192.168.1.12 100000 384 1234 9999 55555
1782428293,loopback,448,1,100000,0,/root/etherbench/etherbench fpga-loopback-test corundum0 192.168.1.12 100000 448 1234 9999 55555
1782428294,loopback,448,2,100000,0,/root/etherbench/etherbench fpga-loopback-test corundum0 192.168.1.12 100000 448 1234 9999 55555
1782428296,loopback,448,3,100000,0,/root/etherbench/etherbench fpga-loopback-test corundum0 192.168.1.12 100000 448 1234 9999 55555
1782428297,loopback,448,4,100000,0,/root/etherbench/etherbench fpga-loopback-test corundum0 192.168.1.12 100000 448 1234 9999 55555
1782428299,loopback,448,5,100000,0,/root/etherbench/etherbench fpga-loopback-test corundum0 192.168.1.12 100000 448 1234 9999 55555
1782428300,loopback,448,6,100000,0,/root/etherbench/etherbench fpga-loopback-test corundum0 192.168.1.12 100000 448 1234 9999 55555
1782428302,loopback,448,7,100000,0,/root/etherbench/etherbench fpga-loopback-test corundum0 192.168.1.12 100000 448 1234 9999 55555
1782428303,loopback,448,8,100000,0,/root/etherbench/etherbench fpga-loopback-test corundum0 192.168.1.12 100000 448 1234 9999 55555
1782428304,loopback,448,9,100000,0,/root/etherbench/etherbench fpga-loopback-test corundum0 192.168.1.12 100000 448 1234 9999 55555
1782428306,loopback,448,10,100000,0,/root/etherbench/etherbench fpga-loopback-test corundum0 192.168.1.12 100000 448 1234 9999 55555
1782428307,loopback,512,1,100000,0,/root/etherbench/etherbench fpga-loopback-test corundum0 192.168.1.12 100000 512 1234 9999 55555
1782428309,loopback,512,2,100000,0,/root/etherbench/etherbench fpga-loopback-test corundum0 192.168.1.12 100000 512 1234 9999 55555
1782428311,loopback,512,3,100000,0,/root/etherbench/etherbench fpga-loopback-test corundum0 192.168.1.12 100000 512 1234 9999 55555
1782428312,loopback,512,4,100000,0,/root/etherbench/etherbench fpga-loopback-test corundum0 192.168.1.12 100000 512 1234 9999 55555
1782428314,loopback,512,5,100000,0,/root/etherbench/etherbench fpga-loopback-test corundum0 192.168.1.12 100000 512 1234 9999 55555
1782428315,loopback,512,6,100000,0,/root/etherbench/etherbench fpga-loopback-test corundum0 192.168.1.12 100000 512 1234 9999 55555
1782428317,loopback,512,7,100000,0,/root/etherbench/etherbench fpga-loopback-test corundum0 192.168.1.12 100000 512 1234 9999 55555
1782428318,loopback,512,8,100000,0,/root/etherbench/etherbench fpga-loopback-test corundum0 192.168.1.12 100000 512 1234 9999 55555
1782428320,loopback,512,9,100000,0,/root/etherbench/etherbench fpga-loopback-test corundum0 192.168.1.12 100000 512 1234 9999 55555
1782428321,loopback,512,10,100000,0,/root/etherbench/etherbench fpga-loopback-test corundum0 192.168.1.12 100000 512 1234 9999 55555
1782428323,loopback,576,1,100000,0,/root/etherbench/etherbench fpga-loopback-test corundum0 192.168.1.12 100000 576 1234 9999 55555
1782428324,loopback,576,2,100000,0,/root/etherbench/etherbench fpga-loopback-test corundum0 192.168.1.12 100000 576 1234 9999 55555
1782428326,loopback,576,3,100000,0,/root/etherbench/etherbench fpga-loopback-test corundum0 192.168.1.12 100000 576 1234 9999 55555
1782428327,loopback,576,4,100000,0,/root/etherbench/etherbench fpga-loopback-test corundum0 192.168.1.12 100000 576 1234 9999 55555
1782428329,loopback,576,5,100000,0,/root/etherbench/etherbench fpga-loopback-test corundum0 192.168.1.12 100000 576 1234 9999 55555
1782428331,loopback,576,6,100000,0,/root/etherbench/etherbench fpga-loopback-test corundum0 192.168.1.12 100000 576 1234 9999 55555
1782428332,loopback,576,7,100000,0,/root/etherbench/etherbench fpga-loopback-test corundum0 192.168.1.12 100000 576 1234 9999 55555
1782428334,loopback,576,8,100000,0,/root/etherbench/etherbench fpga-loopback-test corundum0 192.168.1.12 100000 576 1234 9999 55555
1782428335,loopback,576,9,100000,0,/root/etherbench/etherbench fpga-loopback-test corundum0 192.168.1.12 100000 576 1234 9999 55555
1782428337,loopback,576,10,100000,0,/root/etherbench/etherbench fpga-loopback-test corundum0 192.168.1.12 100000 576 1234 9999 55555
1782428338,loopback,640,1,100000,0,/root/etherbench/etherbench fpga-loopback-test corundum0 192.168.1.12 100000 640 1234 9999 55555
1782428340,loopback,640,2,100000,0,/root/etherbench/etherbench fpga-loopback-test corundum0 192.168.1.12 100000 640 1234 9999 55555
1782428342,loopback,640,3,100000,0,/root/etherbench/etherbench fpga-loopback-test corundum0 192.168.1.12 100000 640 1234 9999 55555
1782428343,loopback,640,4,100000,0,/root/etherbench/etherbench fpga-loopback-test corundum0 192.168.1.12 100000 640 1234 9999 55555
1782428345,loopback,640,5,100000,0,/root/etherbench/etherbench fpga-loopback-test corundum0 192.168.1.12 100000 640 1234 9999 55555
1782428347,loopback,640,6,100000,0,/root/etherbench/etherbench fpga-loopback-test corundum0 192.168.1.12 100000 640 1234 9999 55555
1782428348,loopback,640,7,100000,0,/root/etherbench/etherbench fpga-loopback-test corundum0 192.168.1.12 100000 640 1234 9999 55555
1782428350,loopback,640,8,100000,0,/root/etherbench/etherbench fpga-loopback-test corundum0 192.168.1.12 100000 640 1234 9999 55555
1782428351,loopback,640,9,100000,0,/root/etherbench/etherbench fpga-loopback-test corundum0 192.168.1.12 100000 640 1234 9999 55555
1782428353,loopback,640,10,100000,0,/root/etherbench/etherbench fpga-loopback-test corundum0 192.168.1.12 100000 640 1234 9999 55555
1782428355,loopback,704,1,100000,0,/root/etherbench/etherbench fpga-loopback-test corundum0 192.168.1.12 100000 704 1234 9999 55555
1782428356,loopback,704,2,100000,0,/root/etherbench/etherbench fpga-loopback-test corundum0 192.168.1.12 100000 704 1234 9999 55555
1782428358,loopback,704,3,100000,0,/root/etherbench/etherbench fpga-loopback-test corundum0 192.168.1.12 100000 704 1234 9999 55555
1782428360,loopback,704,4,100000,0,/root/etherbench/etherbench fpga-loopback-test corundum0 192.168.1.12 100000 704 1234 9999 55555
1782428361,loopback,704,5,100000,0,/root/etherbench/etherbench fpga-loopback-test corundum0 192.168.1.12 100000 704 1234 9999 55555
1782428363,loopback,704,6,100000,0,/root/etherbench/etherbench fpga-loopback-test corundum0 192.168.1.12 100000 704 1234 9999 55555
1782428365,loopback,704,7,100000,0,/root/etherbench/etherbench fpga-loopback-test corundum0 192.168.1.12 100000 704 1234 9999 55555
1782428366,loopback,704,8,100000,0,/root/etherbench/etherbench fpga-loopback-test corundum0 192.168.1.12 100000 704 1234 9999 55555
1782428368,loopback,704,9,100000,0,/root/etherbench/etherbench fpga-loopback-test corundum0 192.168.1.12 100000 704 1234 9999 55555
1782428370,loopback,704,10,100000,0,/root/etherbench/etherbench fpga-loopback-test corundum0 192.168.1.12 100000 704 1234 9999 55555
1782428372,loopback,768,1,100000,0,/root/etherbench/etherbench fpga-loopback-test corundum0 192.168.1.12 100000 768 1234 9999 55555
1782428373,loopback,768,2,100000,0,/root/etherbench/etherbench fpga-loopback-test corundum0 192.168.1.12 100000 768 1234 9999 55555
1782428375,loopback,768,3,100000,0,/root/etherbench/etherbench fpga-loopback-test corundum0 192.168.1.12 100000 768 1234 9999 55555
1782428377,loopback,768,4,100000,0,/root/etherbench/etherbench fpga-loopback-test corundum0 192.168.1.12 100000 768 1234 9999 55555
1782428378,loopback,768,5,100000,0,/root/etherbench/etherbench fpga-loopback-test corundum0 192.168.1.12 100000 768 1234 9999 55555
1782428380,loopback,768,6,100000,0,/root/etherbench/etherbench fpga-loopback-test corundum0 192.168.1.12 100000 768 1234 9999 55555
1782428382,loopback,768,7,100000,0,/root/etherbench/etherbench fpga-loopback-test corundum0 192.168.1.12 100000 768 1234 9999 55555
1782428384,loopback,768,8,100000,0,/root/etherbench/etherbench fpga-loopback-test corundum0 192.168.1.12 100000 768 1234 9999 55555
1782428385,loopback,768,9,100000,0,/root/etherbench/etherbench fpga-loopback-test corundum0 192.168.1.12 100000 768 1234 9999 55555
1782428387,loopback,768,10,100000,0,/root/etherbench/etherbench fpga-loopback-test corundum0 192.168.1.12 100000 768 1234 9999 55555
1782428389,loopback,832,1,100000,0,/root/etherbench/etherbench fpga-loopback-test corundum0 192.168.1.12 100000 832 1234 9999 55555
1782428391,loopback,832,2,100000,0,/root/etherbench/etherbench fpga-loopback-test corundum0 192.168.1.12 100000 832 1234 9999 55555
1782428392,loopback,832,3,100000,0,/root/etherbench/etherbench fpga-loopback-test corundum0 192.168.1.12 100000 832 1234 9999 55555
1782428394,loopback,832,4,100000,0,/root/etherbench/etherbench fpga-loopback-test corundum0 192.168.1.12 100000 832 1234 9999 55555
1782428396,loopback,832,5,100000,0,/root/etherbench/etherbench fpga-loopback-test corundum0 192.168.1.12 100000 832 1234 9999 55555
1782428398,loopback,832,6,100000,0,/root/etherbench/etherbench fpga-loopback-test corundum0 192.168.1.12 100000 832 1234 9999 55555
1782428400,loopback,832,7,100000,0,/root/etherbench/etherbench fpga-loopback-test corundum0 192.168.1.12 100000 832 1234 9999 55555
1782428401,loopback,832,8,100000,0,/root/etherbench/etherbench fpga-loopback-test corundum0 192.168.1.12 100000 832 1234 9999 55555
1782428403,loopback,832,9,100000,0,/root/etherbench/etherbench fpga-loopback-test corundum0 192.168.1.12 100000 832 1234 9999 55555
1782428405,loopback,832,10,100000,0,/root/etherbench/etherbench fpga-loopback-test corundum0 192.168.1.12 100000 832 1234 9999 55555
1782428407,loopback,896,1,100000,0,/root/etherbench/etherbench fpga-loopback-test corundum0 192.168.1.12 100000 896 1234 9999 55555
1782428408,loopback,896,2,100000,0,/root/etherbench/etherbench fpga-loopback-test corundum0 192.168.1.12 100000 896 1234 9999 55555
1782428410,loopback,896,3,100000,0,/root/etherbench/etherbench fpga-loopback-test corundum0 192.168.1.12 100000 896 1234 9999 55555
1782428412,loopback,896,4,100000,0,/root/etherbench/etherbench fpga-loopback-test corundum0 192.168.1.12 100000 896 1234 9999 55555
1782428414,loopback,896,5,100000,0,/root/etherbench/etherbench fpga-loopback-test corundum0 192.168.1.12 100000 896 1234 9999 55555
1782428416,loopback,896,6,100000,0,/root/etherbench/etherbench fpga-loopback-test corundum0 192.168.1.12 100000 896 1234 9999 55555
1782428418,loopback,896,7,100000,0,/root/etherbench/etherbench fpga-loopback-test corundum0 192.168.1.12 100000 896 1234 9999 55555
1782428419,loopback,896,8,100000,0,/root/etherbench/etherbench fpga-loopback-test corundum0 192.168.1.12 100000 896 1234 9999 55555
1782428421,loopback,896,9,100000,0,/root/etherbench/etherbench fpga-loopback-test corundum0 192.168.1.12 100000 896 1234 9999 55555
1782428423,loopback,896,10,100000,0,/root/etherbench/etherbench fpga-loopback-test corundum0 192.168.1.12 100000 896 1234 9999 55555
1782428425,loopback,960,1,100000,0,/root/etherbench/etherbench fpga-loopback-test corundum0 192.168.1.12 100000 960 1234 9999 55555
1782428427,loopback,960,2,100000,0,/root/etherbench/etherbench fpga-loopback-test corundum0 192.168.1.12 100000 960 1234 9999 55555
1782428429,loopback,960,3,100000,0,/root/etherbench/etherbench fpga-loopback-test corundum0 192.168.1.12 100000 960 1234 9999 55555
1782428431,loopback,960,4,100000,0,/root/etherbench/etherbench fpga-loopback-test corundum0 192.168.1.12 100000 960 1234 9999 55555
1782428433,loopback,960,5,100000,0,/root/etherbench/etherbench fpga-loopback-test corundum0 192.168.1.12 100000 960 1234 9999 55555
1782428434,loopback,960,6,100000,0,/root/etherbench/etherbench fpga-loopback-test corundum0 192.168.1.12 100000 960 1234 9999 55555
1782428436,loopback,960,7,100000,0,/root/etherbench/etherbench fpga-loopback-test corundum0 192.168.1.12 100000 960 1234 9999 55555
1782428438,loopback,960,8,100000,0,/root/etherbench/etherbench fpga-loopback-test corundum0 192.168.1.12 100000 960 1234 9999 55555
1782428440,loopback,960,9,100000,0,/root/etherbench/etherbench fpga-loopback-test corundum0 192.168.1.12 100000 960 1234 9999 55555
1782428442,loopback,960,10,100000,0,/root/etherbench/etherbench fpga-loopback-test corundum0 192.168.1.12 100000 960 1234 9999 55555
1782428444,loopback,1024,1,100000,0,/root/etherbench/etherbench fpga-loopback-test corundum0 192.168.1.12 100000 1024 1234 9999 55555
1782428446,loopback,1024,2,100000,0,/root/etherbench/etherbench fpga-loopback-test corundum0 192.168.1.12 100000 1024 1234 9999 55555
1782428448,loopback,1024,3,100000,0,/root/etherbench/etherbench fpga-loopback-test corundum0 192.168.1.12 100000 1024 1234 9999 55555
1782428450,loopback,1024,4,100000,0,/root/etherbench/etherbench fpga-loopback-test corundum0 192.168.1.12 100000 1024 1234 9999 55555
1782428452,loopback,1024,5,100000,0,/root/etherbench/etherbench fpga-loopback-test corundum0 192.168.1.12 100000 1024 1234 9999 55555
1782428453,loopback,1024,6,100000,0,/root/etherbench/etherbench fpga-loopback-test corundum0 192.168.1.12 100000 1024 1234 9999 55555
1782428455,loopback,1024,7,100000,0,/root/etherbench/etherbench fpga-loopback-test corundum0 192.168.1.12 100000 1024 1234 9999 55555
1782428457,loopback,1024,8,100000,0,/root/etherbench/etherbench fpga-loopback-test corundum0 192.168.1.12 100000 1024 1234 9999 55555
1782428459,loopback,1024,9,100000,0,/root/etherbench/etherbench fpga-loopback-test corundum0 192.168.1.12 100000 1024 1234 9999 55555
1782428461,loopback,1024,10,100000,0,/root/etherbench/etherbench fpga-loopback-test corundum0 192.168.1.12 100000 1024 1234 9999 55555
1782428463,loopback,1088,1,100000,0,/root/etherbench/etherbench fpga-loopback-test corundum0 192.168.1.12 100000 1088 1234 9999 55555
1782428465,loopback,1088,2,100000,0,/root/etherbench/etherbench fpga-loopback-test corundum0 192.168.1.12 100000 1088 1234 9999 55555
1782428467,loopback,1088,3,100000,0,/root/etherbench/etherbench fpga-loopback-test corundum0 192.168.1.12 100000 1088 1234 9999 55555
1782428469,loopback,1088,4,100000,0,/root/etherbench/etherbench fpga-loopback-test corundum0 192.168.1.12 100000 1088 1234 9999 55555
1782428471,loopback,1088,5,100000,0,/root/etherbench/etherbench fpga-loopback-test corundum0 192.168.1.12 100000 1088 1234 9999 55555
1782428473,loopback,1088,6,100000,0,/root/etherbench/etherbench fpga-loopback-test corundum0 192.168.1.12 100000 1088 1234 9999 55555
1782428475,loopback,1088,7,100000,0,/root/etherbench/etherbench fpga-loopback-test corundum0 192.168.1.12 100000 1088 1234 9999 55555
1782428477,loopback,1088,8,100000,0,/root/etherbench/etherbench fpga-loopback-test corundum0 192.168.1.12 100000 1088 1234 9999 55555
1782428479,loopback,1088,9,100000,0,/root/etherbench/etherbench fpga-loopback-test corundum0 192.168.1.12 100000 1088 1234 9999 55555
1782428481,loopback,1088,10,100000,0,/root/etherbench/etherbench fpga-loopback-test corundum0 192.168.1.12 100000 1088 1234 9999 55555
1782428483,loopback,1152,1,100000,0,/root/etherbench/etherbench fpga-loopback-test corundum0 192.168.1.12 100000 1152 1234 9999 55555
1782428485,loopback,1152,2,100000,0,/root/etherbench/etherbench fpga-loopback-test corundum0 192.168.1.12 100000 1152 1234 9999 55555
1782428487,loopback,1152,3,100000,0,/root/etherbench/etherbench fpga-loopback-test corundum0 192.168.1.12 100000 1152 1234 9999 55555
1782428489,loopback,1152,4,100000,0,/root/etherbench/etherbench fpga-loopback-test corundum0 192.168.1.12 100000 1152 1234 9999 55555
1782428491,loopback,1152,5,100000,0,/root/etherbench/etherbench fpga-loopback-test corundum0 192.168.1.12 100000 1152 1234 9999 55555
1782428493,loopback,1152,6,100000,0,/root/etherbench/etherbench fpga-loopback-test corundum0 192.168.1.12 100000 1152 1234 9999 55555
1782428495,loopback,1152,7,100000,0,/root/etherbench/etherbench fpga-loopback-test corundum0 192.168.1.12 100000 1152 1234 9999 55555
1782428497,loopback,1152,8,100000,0,/root/etherbench/etherbench fpga-loopback-test corundum0 192.168.1.12 100000 1152 1234 9999 55555
1782428499,loopback,1152,9,100000,0,/root/etherbench/etherbench fpga-loopback-test corundum0 192.168.1.12 100000 1152 1234 9999 55555
1782428501,loopback,1152,10,100000,0,/root/etherbench/etherbench fpga-loopback-test corundum0 192.168.1.12 100000 1152 1234 9999 55555
1782428503,loopback,1216,1,100000,0,/root/etherbench/etherbench fpga-loopback-test corundum0 192.168.1.12 100000 1216 1234 9999 55555
1782428506,loopback,1216,2,100000,0,/root/etherbench/etherbench fpga-loopback-test corundum0 192.168.1.12 100000 1216 1234 9999 55555
1782428508,loopback,1216,3,100000,0,/root/etherbench/etherbench fpga-loopback-test corundum0 192.168.1.12 100000 1216 1234 9999 55555
1782428510,loopback,1216,4,100000,0,/root/etherbench/etherbench fpga-loopback-test corundum0 192.168.1.12 100000 1216 1234 9999 55555
1782428512,loopback,1216,5,100000,0,/root/etherbench/etherbench fpga-loopback-test corundum0 192.168.1.12 100000 1216 1234 9999 55555
1782428514,loopback,1216,6,100000,0,/root/etherbench/etherbench fpga-loopback-test corundum0 192.168.1.12 100000 1216 1234 9999 55555
1782428516,loopback,1216,7,100000,0,/root/etherbench/etherbench fpga-loopback-test corundum0 192.168.1.12 100000 1216 1234 9999 55555
1782428518,loopback,1216,8,100000,0,/root/etherbench/etherbench fpga-loopback-test corundum0 192.168.1.12 100000 1216 1234 9999 55555
1782428520,loopback,1216,9,100000,0,/root/etherbench/etherbench fpga-loopback-test corundum0 192.168.1.12 100000 1216 1234 9999 55555
1782428522,loopback,1216,10,100000,0,/root/etherbench/etherbench fpga-loopback-test corundum0 192.168.1.12 100000 1216 1234 9999 55555
1782428524,loopback,1280,1,100000,0,/root/etherbench/etherbench fpga-loopback-test corundum0 192.168.1.12 100000 1280 1234 9999 55555
1782428526,loopback,1280,2,100000,0,/root/etherbench/etherbench fpga-loopback-test corundum0 192.168.1.12 100000 1280 1234 9999 55555
1782428529,loopback,1280,3,100000,0,/root/etherbench/etherbench fpga-loopback-test corundum0 192.168.1.12 100000 1280 1234 9999 55555
1782428531,loopback,1280,4,100000,0,/root/etherbench/etherbench fpga-loopback-test corundum0 192.168.1.12 100000 1280 1234 9999 55555
1782428533,loopback,1280,5,100000,0,/root/etherbench/etherbench fpga-loopback-test corundum0 192.168.1.12 100000 1280 1234 9999 55555
1782428535,loopback,1280,6,100000,0,/root/etherbench/etherbench fpga-loopback-test corundum0 192.168.1.12 100000 1280 1234 9999 55555
1782428537,loopback,1280,7,100000,0,/root/etherbench/etherbench fpga-loopback-test corundum0 192.168.1.12 100000 1280 1234 9999 55555
1782428539,loopback,1280,8,100000,0,/root/etherbench/etherbench fpga-loopback-test corundum0 192.168.1.12 100000 1280 1234 9999 55555
1782428541,loopback,1280,9,100000,0,/root/etherbench/etherbench fpga-loopback-test corundum0 192.168.1.12 100000 1280 1234 9999 55555
1782428544,loopback,1280,10,100000,0,/root/etherbench/etherbench fpga-loopback-test corundum0 192.168.1.12 100000 1280 1234 9999 55555
1782428546,loopback,1344,1,100000,0,/root/etherbench/etherbench fpga-loopback-test corundum0 192.168.1.12 100000 1344 1234 9999 55555
1782428548,loopback,1344,2,100000,0,/root/etherbench/etherbench fpga-loopback-test corundum0 192.168.1.12 100000 1344 1234 9999 55555
1782428550,loopback,1344,3,100000,0,/root/etherbench/etherbench fpga-loopback-test corundum0 192.168.1.12 100000 1344 1234 9999 55555
1782428552,loopback,1344,4,100000,0,/root/etherbench/etherbench fpga-loopback-test corundum0 192.168.1.12 100000 1344 1234 9999 55555
1782428554,loopback,1344,5,100000,0,/root/etherbench/etherbench fpga-loopback-test corundum0 192.168.1.12 100000 1344 1234 9999 55555
1782428557,loopback,1344,6,100000,0,/root/etherbench/etherbench fpga-loopback-test corundum0 192.168.1.12 100000 1344 1234 9999 55555
1782428559,loopback,1344,7,100000,0,/root/etherbench/etherbench fpga-loopback-test corundum0 192.168.1.12 100000 1344 1234 9999 55555
1782428561,loopback,1344,8,100000,0,/root/etherbench/etherbench fpga-loopback-test corundum0 192.168.1.12 100000 1344 1234 9999 55555
1782428563,loopback,1344,9,100000,0,/root/etherbench/etherbench fpga-loopback-test corundum0 192.168.1.12 100000 1344 1234 9999 55555
1782428565,loopback,1344,10,100000,0,/root/etherbench/etherbench fpga-loopback-test corundum0 192.168.1.12 100000 1344 1234 9999 55555
1782428568,loopback,1408,1,100000,0,/root/etherbench/etherbench fpga-loopback-test corundum0 192.168.1.12 100000 1408 1234 9999 55555
1782428570,loopback,1408,2,100000,0,/root/etherbench/etherbench fpga-loopback-test corundum0 192.168.1.12 100000 1408 1234 9999 55555
1782428572,loopback,1408,3,100000,0,/root/etherbench/etherbench fpga-loopback-test corundum0 192.168.1.12 100000 1408 1234 9999 55555
1782428574,loopback,1408,4,100000,0,/root/etherbench/etherbench fpga-loopback-test corundum0 192.168.1.12 100000 1408 1234 9999 55555
1782428577,loopback,1408,5,100000,0,/root/etherbench/etherbench fpga-loopback-test corundum0 192.168.1.12 100000 1408 1234 9999 55555
1782428579,loopback,1408,6,100000,0,/root/etherbench/etherbench fpga-loopback-test corundum0 192.168.1.12 100000 1408 1234 9999 55555
1782428581,loopback,1408,7,100000,0,/root/etherbench/etherbench fpga-loopback-test corundum0 192.168.1.12 100000 1408 1234 9999 55555
1782428583,loopback,1408,8,100000,0,/root/etherbench/etherbench fpga-loopback-test corundum0 192.168.1.12 100000 1408 1234 9999 55555
1782428586,loopback,1408,9,100000,0,/root/etherbench/etherbench fpga-loopback-test corundum0 192.168.1.12 100000 1408 1234 9999 55555
1782428588,loopback,1408,10,100000,0,/root/etherbench/etherbench fpga-loopback-test corundum0 192.168.1.12 100000 1408 1234 9999 55555
1782428590,loopback,1472,1,100000,0,/root/etherbench/etherbench fpga-loopback-test corundum0 192.168.1.12 100000 1472 1234 9999 55555
1782428592,loopback,1472,2,100000,0,/root/etherbench/etherbench fpga-loopback-test corundum0 192.168.1.12 100000 1472 1234 9999 55555
1782428595,loopback,1472,3,100000,0,/root/etherbench/etherbench fpga-loopback-test corundum0 192.168.1.12 100000 1472 1234 9999 55555
1782428597,loopback,1472,4,100000,0,/root/etherbench/etherbench fpga-loopback-test corundum0 192.168.1.12 100000 1472 1234 9999 55555
1782428599,loopback,1472,5,100000,0,/root/etherbench/etherbench fpga-loopback-test corundum0 192.168.1.12 100000 1472 1234 9999 55555
1782428602,loopback,1472,6,100000,0,/root/etherbench/etherbench fpga-loopback-test corundum0 192.168.1.12 100000 1472 1234 9999 55555
1782428604,loopback,1472,7,100000,0,/root/etherbench/etherbench fpga-loopback-test corundum0 192.168.1.12 100000 1472 1234 9999 55555
1782428606,loopback,1472,8,100000,0,/root/etherbench/etherbench fpga-loopback-test corundum0 192.168.1.12 100000 1472 1234 9999 55555
1782428608,loopback,1472,9,100000,0,/root/etherbench/etherbench fpga-loopback-test corundum0 192.168.1.12 100000 1472 1234 9999 55555
1782428611,loopback,1472,10,100000,0,/root/etherbench/etherbench fpga-loopback-test corundum0 192.168.1.12 100000 1472 1234 9999 55555
1782428611,tx,256,1,100000,0,/root/etherbench/etherbench fpga-tx-test corundum0 192.168.1.12 100000 256 random 55555 9999
1782428612,tx,256,2,100000,0,/root/etherbench/etherbench fpga-tx-test corundum0 192.168.1.12 100000 256 random 55555 9999
1782428613,tx,256,3,100000,0,/root/etherbench/etherbench fpga-tx-test corundum0 192.168.1.12 100000 256 random 55555 9999
1782428614,tx,256,4,100000,0,/root/etherbench/etherbench fpga-tx-test corundum0 192.168.1.12 100000 256 random 55555 9999
1782428615,tx,256,5,100000,0,/root/etherbench/etherbench fpga-tx-test corundum0 192.168.1.12 100000 256 random 55555 9999
1782428615,tx,256,6,100000,0,/root/etherbench/etherbench fpga-tx-test corundum0 192.168.1.12 100000 256 random 55555 9999
1782428616,tx,256,7,100000,0,/root/etherbench/etherbench fpga-tx-test corundum0 192.168.1.12 100000 256 random 55555 9999
1782428617,tx,256,8,100000,0,/root/etherbench/etherbench fpga-tx-test corundum0 192.168.1.12 100000 256 random 55555 9999
1782428618,tx,256,9,100000,0,/root/etherbench/etherbench fpga-tx-test corundum0 192.168.1.12 100000 256 random 55555 9999
1782428618,tx,256,10,100000,0,/root/etherbench/etherbench fpga-tx-test corundum0 192.168.1.12 100000 256 random 55555 9999
1782428619,tx,320,1,100000,0,/root/etherbench/etherbench fpga-tx-test corundum0 192.168.1.12 100000 320 random 55555 9999
1782428620,tx,320,2,100000,0,/root/etherbench/etherbench fpga-tx-test corundum0 192.168.1.12 100000 320 random 55555 9999
1782428621,tx,320,3,100000,0,/root/etherbench/etherbench fpga-tx-test corundum0 192.168.1.12 100000 320 random 55555 9999
1782428622,tx,320,4,100000,0,/root/etherbench/etherbench fpga-tx-test corundum0 192.168.1.12 100000 320 random 55555 9999
1782428622,tx,320,5,100000,0,/root/etherbench/etherbench fpga-tx-test corundum0 192.168.1.12 100000 320 random 55555 9999
1782428623,tx,320,6,100000,0,/root/etherbench/etherbench fpga-tx-test corundum0 192.168.1.12 100000 320 random 55555 9999
1782428624,tx,320,7,100000,0,/root/etherbench/etherbench fpga-tx-test corundum0 192.168.1.12 100000 320 random 55555 9999
1782428625,tx,320,8,100000,0,/root/etherbench/etherbench fpga-tx-test corundum0 192.168.1.12 100000 320 random 55555 9999
1782428626,tx,320,9,100000,0,/root/etherbench/etherbench fpga-tx-test corundum0 192.168.1.12 100000 320 random 55555 9999
1782428627,tx,320,10,100000,0,/root/etherbench/etherbench fpga-tx-test corundum0 192.168.1.12 100000 320 random 55555 9999
1782428627,tx,384,1,100000,0,/root/etherbench/etherbench fpga-tx-test corundum0 192.168.1.12 100000 384 random 55555 9999
1782428628,tx,384,2,100000,0,/root/etherbench/etherbench fpga-tx-test corundum0 192.168.1.12 100000 384 random 55555 9999
1782428629,tx,384,3,100000,0,/root/etherbench/etherbench fpga-tx-test corundum0 192.168.1.12 100000 384 random 55555 9999
1782428630,tx,384,4,100000,0,/root/etherbench/etherbench fpga-tx-test corundum0 192.168.1.12 100000 384 random 55555 9999
1782428631,tx,384,5,100000,0,/root/etherbench/etherbench fpga-tx-test corundum0 192.168.1.12 100000 384 random 55555 9999
1782428632,tx,384,6,100000,0,/root/etherbench/etherbench fpga-tx-test corundum0 192.168.1.12 100000 384 random 55555 9999
1782428633,tx,384,7,100000,0,/root/etherbench/etherbench fpga-tx-test corundum0 192.168.1.12 100000 384 random 55555 9999
1782428633,tx,384,8,100000,0,/root/etherbench/etherbench fpga-tx-test corundum0 192.168.1.12 100000 384 random 55555 9999
1782428634,tx,384,9,100000,0,/root/etherbench/etherbench fpga-tx-test corundum0 192.168.1.12 100000 384 random 55555 9999
1782428635,tx,384,10,100000,0,/root/etherbench/etherbench fpga-tx-test corundum0 192.168.1.12 100000 384 random 55555 9999
1782428636,tx,448,1,100000,0,/root/etherbench/etherbench fpga-tx-test corundum0 192.168.1.12 100000 448 random 55555 9999
1782428637,tx,448,2,100000,0,/root/etherbench/etherbench fpga-tx-test corundum0 192.168.1.12 100000 448 random 55555 9999
1782428638,tx,448,3,100000,0,/root/etherbench/etherbench fpga-tx-test corundum0 192.168.1.12 100000 448 random 55555 9999
1782428639,tx,448,4,100000,0,/root/etherbench/etherbench fpga-tx-test corundum0 192.168.1.12 100000 448 random 55555 9999
1782428640,tx,448,5,100000,0,/root/etherbench/etherbench fpga-tx-test corundum0 192.168.1.12 100000 448 random 55555 9999
1782428641,tx,448,6,100000,0,/root/etherbench/etherbench fpga-tx-test corundum0 192.168.1.12 100000 448 random 55555 9999
1782428642,tx,448,7,100000,0,/root/etherbench/etherbench fpga-tx-test corundum0 192.168.1.12 100000 448 random 55555 9999
1782428643,tx,448,8,100000,0,/root/etherbench/etherbench fpga-tx-test corundum0 192.168.1.12 100000 448 random 55555 9999
1782428643,tx,448,9,100000,0,/root/etherbench/etherbench fpga-tx-test corundum0 192.168.1.12 100000 448 random 55555 9999
1782428644,tx,448,10,100000,0,/root/etherbench/etherbench fpga-tx-test corundum0 192.168.1.12 100000 448 random 55555 9999
1782428645,tx,512,1,100000,0,/root/etherbench/etherbench fpga-tx-test corundum0 192.168.1.12 100000 512 random 55555 9999
1782428646,tx,512,2,100000,0,/root/etherbench/etherbench fpga-tx-test corundum0 192.168.1.12 100000 512 random 55555 9999
1782428647,tx,512,3,100000,0,/root/etherbench/etherbench fpga-tx-test corundum0 192.168.1.12 100000 512 random 55555 9999
1782428648,tx,512,4,100000,0,/root/etherbench/etherbench fpga-tx-test corundum0 192.168.1.12 100000 512 random 55555 9999
1782428649,tx,512,5,100000,0,/root/etherbench/etherbench fpga-tx-test corundum0 192.168.1.12 100000 512 random 55555 9999
1782428650,tx,512,6,100000,0,/root/etherbench/etherbench fpga-tx-test corundum0 192.168.1.12 100000 512 random 55555 9999
1782428651,tx,512,7,100000,0,/root/etherbench/etherbench fpga-tx-test corundum0 192.168.1.12 100000 512 random 55555 9999
1782428652,tx,512,8,100000,0,/root/etherbench/etherbench fpga-tx-test corundum0 192.168.1.12 100000 512 random 55555 9999
1782428653,tx,512,9,100000,0,/root/etherbench/etherbench fpga-tx-test corundum0 192.168.1.12 100000 512 random 55555 9999
1782428654,tx,512,10,100000,0,/root/etherbench/etherbench fpga-tx-test corundum0 192.168.1.12 100000 512 random 55555 9999
1782428655,tx,576,1,100000,0,/root/etherbench/etherbench fpga-tx-test corundum0 192.168.1.12 100000 576 random 55555 9999
1782428656,tx,576,2,100000,0,/root/etherbench/etherbench fpga-tx-test corundum0 192.168.1.12 100000 576 random 55555 9999
1782428657,tx,576,3,100000,0,/root/etherbench/etherbench fpga-tx-test corundum0 192.168.1.12 100000 576 random 55555 9999
1782428658,tx,576,4,100000,0,/root/etherbench/etherbench fpga-tx-test corundum0 192.168.1.12 100000 576 random 55555 9999
1782428659,tx,576,5,100000,0,/root/etherbench/etherbench fpga-tx-test corundum0 192.168.1.12 100000 576 random 55555 9999
1782428660,tx,576,6,100000,0,/root/etherbench/etherbench fpga-tx-test corundum0 192.168.1.12 100000 576 random 55555 9999
1782428661,tx,576,7,100000,0,/root/etherbench/etherbench fpga-tx-test corundum0 192.168.1.12 100000 576 random 55555 9999
1782428662,tx,576,8,100000,0,/root/etherbench/etherbench fpga-tx-test corundum0 192.168.1.12 100000 576 random 55555 9999
1782428663,tx,576,9,100000,0,/root/etherbench/etherbench fpga-tx-test corundum0 192.168.1.12 100000 576 random 55555 9999
1782428664,tx,576,10,100000,0,/root/etherbench/etherbench fpga-tx-test corundum0 192.168.1.12 100000 576 random 55555 9999
1782428665,tx,640,1,100000,0,/root/etherbench/etherbench fpga-tx-test corundum0 192.168.1.12 100000 640 random 55555 9999
1782428666,tx,640,2,100000,0,/root/etherbench/etherbench fpga-tx-test corundum0 192.168.1.12 100000 640 random 55555 9999
1782428668,tx,640,3,100000,0,/root/etherbench/etherbench fpga-tx-test corundum0 192.168.1.12 100000 640 random 55555 9999
1782428669,tx,640,4,100000,0,/root/etherbench/etherbench fpga-tx-test corundum0 192.168.1.12 100000 640 random 55555 9999
1782428670,tx,640,5,100000,0,/root/etherbench/etherbench fpga-tx-test corundum0 192.168.1.12 100000 640 random 55555 9999
1782428671,tx,640,6,100000,0,/root/etherbench/etherbench fpga-tx-test corundum0 192.168.1.12 100000 640 random 55555 9999
1782428672,tx,640,7,100000,0,/root/etherbench/etherbench fpga-tx-test corundum0 192.168.1.12 100000 640 random 55555 9999
1782428673,tx,640,8,100000,0,/root/etherbench/etherbench fpga-tx-test corundum0 192.168.1.12 100000 640 random 55555 9999
1782428674,tx,640,9,100000,0,/root/etherbench/etherbench fpga-tx-test corundum0 192.168.1.12 100000 640 random 55555 9999
1782428675,tx,640,10,100000,0,/root/etherbench/etherbench fpga-tx-test corundum0 192.168.1.12 100000 640 random 55555 9999
1782428676,tx,704,1,100000,0,/root/etherbench/etherbench fpga-tx-test corundum0 192.168.1.12 100000 704 random 55555 9999
1782428677,tx,704,2,100000,0,/root/etherbench/etherbench fpga-tx-test corundum0 192.168.1.12 100000 704 random 55555 9999
1782428678,tx,704,3,100000,0,/root/etherbench/etherbench fpga-tx-test corundum0 192.168.1.12 100000 704 random 55555 9999
1782428680,tx,704,4,100000,0,/root/etherbench/etherbench fpga-tx-test corundum0 192.168.1.12 100000 704 random 55555 9999
1782428681,tx,704,5,100000,0,/root/etherbench/etherbench fpga-tx-test corundum0 192.168.1.12 100000 704 random 55555 9999
1782428682,tx,704,6,100000,0,/root/etherbench/etherbench fpga-tx-test corundum0 192.168.1.12 100000 704 random 55555 9999
1782428683,tx,704,7,100000,0,/root/etherbench/etherbench fpga-tx-test corundum0 192.168.1.12 100000 704 random 55555 9999
1782428684,tx,704,8,100000,0,/root/etherbench/etherbench fpga-tx-test corundum0 192.168.1.12 100000 704 random 55555 9999
1782428685,tx,704,9,100000,0,/root/etherbench/etherbench fpga-tx-test corundum0 192.168.1.12 100000 704 random 55555 9999
1782428686,tx,704,10,100000,0,/root/etherbench/etherbench fpga-tx-test corundum0 192.168.1.12 100000 704 random 55555 9999
1782428687,tx,768,1,100000,0,/root/etherbench/etherbench fpga-tx-test corundum0 192.168.1.12 100000 768 random 55555 9999
1782428689,tx,768,2,100000,0,/root/etherbench/etherbench fpga-tx-test corundum0 192.168.1.12 100000 768 random 55555 9999
1782428690,tx,768,3,100000,0,/root/etherbench/etherbench fpga-tx-test corundum0 192.168.1.12 100000 768 random 55555 9999
1782428691,tx,768,4,100000,0,/root/etherbench/etherbench fpga-tx-test corundum0 192.168.1.12 100000 768 random 55555 9999
1782428692,tx,768,5,100000,0,/root/etherbench/etherbench fpga-tx-test corundum0 192.168.1.12 100000 768 random 55555 9999
1782428693,tx,768,6,100000,0,/root/etherbench/etherbench fpga-tx-test corundum0 192.168.1.12 100000 768 random 55555 9999
1782428695,tx,768,7,100000,0,/root/etherbench/etherbench fpga-tx-test corundum0 192.168.1.12 100000 768 random 55555 9999
1782428696,tx,768,8,100000,0,/root/etherbench/etherbench fpga-tx-test corundum0 192.168.1.12 100000 768 random 55555 9999
1782428697,tx,768,9,100000,0,/root/etherbench/etherbench fpga-tx-test corundum0 192.168.1.12 100000 768 random 55555 9999
1782428698,tx,768,10,100000,0,/root/etherbench/etherbench fpga-tx-test corundum0 192.168.1.12 100000 768 random 55555 9999
1782428699,tx,832,1,100000,0,/root/etherbench/etherbench fpga-tx-test corundum0 192.168.1.12 100000 832 random 55555 9999
1782428701,tx,832,2,100000,0,/root/etherbench/etherbench fpga-tx-test corundum0 192.168.1.12 100000 832 random 55555 9999
1782428702,tx,832,3,100000,0,/root/etherbench/etherbench fpga-tx-test corundum0 192.168.1.12 100000 832 random 55555 9999
1782428703,tx,832,4,100000,0,/root/etherbench/etherbench fpga-tx-test corundum0 192.168.1.12 100000 832 random 55555 9999
1782428704,tx,832,5,100000,0,/root/etherbench/etherbench fpga-tx-test corundum0 192.168.1.12 100000 832 random 55555 9999
1782428705,tx,832,6,100000,0,/root/etherbench/etherbench fpga-tx-test corundum0 192.168.1.12 100000 832 random 55555 9999
1782428707,tx,832,7,100000,0,/root/etherbench/etherbench fpga-tx-test corundum0 192.168.1.12 100000 832 random 55555 9999
1782428708,tx,832,8,100000,0,/root/etherbench/etherbench fpga-tx-test corundum0 192.168.1.12 100000 832 random 55555 9999
1782428709,tx,832,9,100000,0,/root/etherbench/etherbench fpga-tx-test corundum0 192.168.1.12 100000 832 random 55555 9999
1782428710,tx,832,10,100000,0,/root/etherbench/etherbench fpga-tx-test corundum0 192.168.1.12 100000 832 random 55555 9999
1782428712,tx,896,1,100000,0,/root/etherbench/etherbench fpga-tx-test corundum0 192.168.1.12 100000 896 random 55555 9999
1782428713,tx,896,2,100000,0,/root/etherbench/etherbench fpga-tx-test corundum0 192.168.1.12 100000 896 random 55555 9999
1782428714,tx,896,3,100000,0,/root/etherbench/etherbench fpga-tx-test corundum0 192.168.1.12 100000 896 random 55555 9999
1782428715,tx,896,4,100000,0,/root/etherbench/etherbench fpga-tx-test corundum0 192.168.1.12 100000 896 random 55555 9999
1782428717,tx,896,5,100000,0,/root/etherbench/etherbench fpga-tx-test corundum0 192.168.1.12 100000 896 random 55555 9999
1782428718,tx,896,6,100000,0,/root/etherbench/etherbench fpga-tx-test corundum0 192.168.1.12 100000 896 random 55555 9999
1782428719,tx,896,7,100000,0,/root/etherbench/etherbench fpga-tx-test corundum0 192.168.1.12 100000 896 random 55555 9999
1782428721,tx,896,8,100000,0,/root/etherbench/etherbench fpga-tx-test corundum0 192.168.1.12 100000 896 random 55555 9999
1782428722,tx,896,9,100000,0,/root/etherbench/etherbench fpga-tx-test corundum0 192.168.1.12 100000 896 random 55555 9999
1782428723,tx,896,10,100000,0,/root/etherbench/etherbench fpga-tx-test corundum0 192.168.1.12 100000 896 random 55555 9999
1782428724,tx,960,1,100000,0,/root/etherbench/etherbench fpga-tx-test corundum0 192.168.1.12 100000 960 random 55555 9999
1782428726,tx,960,2,100000,0,/root/etherbench/etherbench fpga-tx-test corundum0 192.168.1.12 100000 960 random 55555 9999
1782428727,tx,960,3,100000,0,/root/etherbench/etherbench fpga-tx-test corundum0 192.168.1.12 100000 960 random 55555 9999
1782428728,tx,960,4,100000,0,/root/etherbench/etherbench fpga-tx-test corundum0 192.168.1.12 100000 960 random 55555 9999
1782428730,tx,960,5,100000,0,/root/etherbench/etherbench fpga-tx-test corundum0 192.168.1.12 100000 960 random 55555 9999
1782428731,tx,960,6,100000,0,/root/etherbench/etherbench fpga-tx-test corundum0 192.168.1.12 100000 960 random 55555 9999
1782428732,tx,960,7,100000,0,/root/etherbench/etherbench fpga-tx-test corundum0 192.168.1.12 100000 960 random 55555 9999
1782428734,tx,960,8,100000,0,/root/etherbench/etherbench fpga-tx-test corundum0 192.168.1.12 100000 960 random 55555 9999
1782428735,tx,960,9,100000,0,/root/etherbench/etherbench fpga-tx-test corundum0 192.168.1.12 100000 960 random 55555 9999
1782428736,tx,960,10,100000,0,/root/etherbench/etherbench fpga-tx-test corundum0 192.168.1.12 100000 960 random 55555 9999
1782428738,tx,1024,1,100000,0,/root/etherbench/etherbench fpga-tx-test corundum0 192.168.1.12 100000 1024 random 55555 9999
1782428739,tx,1024,2,100000,0,/root/etherbench/etherbench fpga-tx-test corundum0 192.168.1.12 100000 1024 random 55555 9999
1782428741,tx,1024,3,100000,0,/root/etherbench/etherbench fpga-tx-test corundum0 192.168.1.12 100000 1024 random 55555 9999
1782428742,tx,1024,4,100000,0,/root/etherbench/etherbench fpga-tx-test corundum0 192.168.1.12 100000 1024 random 55555 9999
1782428743,tx,1024,5,100000,0,/root/etherbench/etherbench fpga-tx-test corundum0 192.168.1.12 100000 1024 random 55555 9999
1782428745,tx,1024,6,100000,0,/root/etherbench/etherbench fpga-tx-test corundum0 192.168.1.12 100000 1024 random 55555 9999
1782428746,tx,1024,7,100000,0,/root/etherbench/etherbench fpga-tx-test corundum0 192.168.1.12 100000 1024 random 55555 9999
1782428747,tx,1024,8,100000,0,/root/etherbench/etherbench fpga-tx-test corundum0 192.168.1.12 100000 1024 random 55555 9999
1782428749,tx,1024,9,100000,0,/root/etherbench/etherbench fpga-tx-test corundum0 192.168.1.12 100000 1024 random 55555 9999
1782428750,tx,1024,10,100000,0,/root/etherbench/etherbench fpga-tx-test corundum0 192.168.1.12 100000 1024 random 55555 9999
1782428752,tx,1088,1,100000,0,/root/etherbench/etherbench fpga-tx-test corundum0 192.168.1.12 100000 1088 random 55555 9999
1782428753,tx,1088,2,100000,0,/root/etherbench/etherbench fpga-tx-test corundum0 192.168.1.12 100000 1088 random 55555 9999
1782428755,tx,1088,3,100000,0,/root/etherbench/etherbench fpga-tx-test corundum0 192.168.1.12 100000 1088 random 55555 9999
1782428756,tx,1088,4,100000,0,/root/etherbench/etherbench fpga-tx-test corundum0 192.168.1.12 100000 1088 random 55555 9999
1782428757,tx,1088,5,100000,0,/root/etherbench/etherbench fpga-tx-test corundum0 192.168.1.12 100000 1088 random 55555 9999
1782428759,tx,1088,6,100000,0,/root/etherbench/etherbench fpga-tx-test corundum0 192.168.1.12 100000 1088 random 55555 9999
1782428760,tx,1088,7,100000,0,/root/etherbench/etherbench fpga-tx-test corundum0 192.168.1.12 100000 1088 random 55555 9999
1782428762,tx,1088,8,100000,0,/root/etherbench/etherbench fpga-tx-test corundum0 192.168.1.12 100000 1088 random 55555 9999
1782428763,tx,1088,9,100000,0,/root/etherbench/etherbench fpga-tx-test corundum0 192.168.1.12 100000 1088 random 55555 9999
1782428765,tx,1088,10,100000,0,/root/etherbench/etherbench fpga-tx-test corundum0 192.168.1.12 100000 1088 random 55555 9999
1782428766,tx,1152,1,100000,0,/root/etherbench/etherbench fpga-tx-test corundum0 192.168.1.12 100000 1152 random 55555 9999
1782428768,tx,1152,2,100000,0,/root/etherbench/etherbench fpga-tx-test corundum0 192.168.1.12 100000 1152 random 55555 9999
1782428769,tx,1152,3,100000,0,/root/etherbench/etherbench fpga-tx-test corundum0 192.168.1.12 100000 1152 random 55555 9999
1782428771,tx,1152,4,100000,0,/root/etherbench/etherbench fpga-tx-test corundum0 192.168.1.12 100000 1152 random 55555 9999
1782428772,tx,1152,5,100000,0,/root/etherbench/etherbench fpga-tx-test corundum0 192.168.1.12 100000 1152 random 55555 9999
1782428773,tx,1152,6,100000,0,/root/etherbench/etherbench fpga-tx-test corundum0 192.168.1.12 100000 1152 random 55555 9999
1782428775,tx,1152,7,100000,0,/root/etherbench/etherbench fpga-tx-test corundum0 192.168.1.12 100000 1152 random 55555 9999
1782428776,tx,1152,8,100000,0,/root/etherbench/etherbench fpga-tx-test corundum0 192.168.1.12 100000 1152 random 55555 9999
1782428778,tx,1152,9,100000,0,/root/etherbench/etherbench fpga-tx-test corundum0 192.168.1.12 100000 1152 random 55555 9999
1782428779,tx,1152,10,100000,0,/root/etherbench/etherbench fpga-tx-test corundum0 192.168.1.12 100000 1152 random 55555 9999
1782428781,tx,1216,1,100000,0,/root/etherbench/etherbench fpga-tx-test corundum0 192.168.1.12 100000 1216 random 55555 9999
1782428782,tx,1216,2,100000,0,/root/etherbench/etherbench fpga-tx-test corundum0 192.168.1.12 100000 1216 random 55555 9999
1782428784,tx,1216,3,100000,0,/root/etherbench/etherbench fpga-tx-test corundum0 192.168.1.12 100000 1216 random 55555 9999
1782428786,tx,1216,4,100000,0,/root/etherbench/etherbench fpga-tx-test corundum0 192.168.1.12 100000 1216 random 55555 9999
1782428787,tx,1216,5,100000,0,/root/etherbench/etherbench fpga-tx-test corundum0 192.168.1.12 100000 1216 random 55555 9999
1782428789,tx,1216,6,100000,0,/root/etherbench/etherbench fpga-tx-test corundum0 192.168.1.12 100000 1216 random 55555 9999
1782428790,tx,1216,7,100000,0,/root/etherbench/etherbench fpga-tx-test corundum0 192.168.1.12 100000 1216 random 55555 9999
1782428792,tx,1216,8,100000,0,/root/etherbench/etherbench fpga-tx-test corundum0 192.168.1.12 100000 1216 random 55555 9999
1782428793,tx,1216,9,100000,0,/root/etherbench/etherbench fpga-tx-test corundum0 192.168.1.12 100000 1216 random 55555 9999
1782428795,tx,1216,10,100000,0,/root/etherbench/etherbench fpga-tx-test corundum0 192.168.1.12 100000 1216 random 55555 9999
1782428796,tx,1280,1,100000,0,/root/etherbench/etherbench fpga-tx-test corundum0 192.168.1.12 100000 1280 random 55555 9999
1782428798,tx,1280,2,100000,0,/root/etherbench/etherbench fpga-tx-test corundum0 192.168.1.12 100000 1280 random 55555 9999
1782428800,tx,1280,3,100000,0,/root/etherbench/etherbench fpga-tx-test corundum0 192.168.1.12 100000 1280 random 55555 9999
1782428801,tx,1280,4,100000,0,/root/etherbench/etherbench fpga-tx-test corundum0 192.168.1.12 100000 1280 random 55555 9999
1782428803,tx,1280,5,100000,0,/root/etherbench/etherbench fpga-tx-test corundum0 192.168.1.12 100000 1280 random 55555 9999
1782428804,tx,1280,6,100000,0,/root/etherbench/etherbench fpga-tx-test corundum0 192.168.1.12 100000 1280 random 55555 9999
1782428806,tx,1280,7,100000,0,/root/etherbench/etherbench fpga-tx-test corundum0 192.168.1.12 100000 1280 random 55555 9999
1782428807,tx,1280,8,100000,0,/root/etherbench/etherbench fpga-tx-test corundum0 192.168.1.12 100000 1280 random 55555 9999
1782428809,tx,1280,9,100000,0,/root/etherbench/etherbench fpga-tx-test corundum0 192.168.1.12 100000 1280 random 55555 9999
1782428811,tx,1280,10,100000,0,/root/etherbench/etherbench fpga-tx-test corundum0 192.168.1.12 100000 1280 random 55555 9999
1782428812,tx,1344,1,100000,0,/root/etherbench/etherbench fpga-tx-test corundum0 192.168.1.12 100000 1344 random 55555 9999
1782428814,tx,1344,2,100000,0,/root/etherbench/etherbench fpga-tx-test corundum0 192.168.1.12 100000 1344 random 55555 9999
1782428816,tx,1344,3,100000,0,/root/etherbench/etherbench fpga-tx-test corundum0 192.168.1.12 100000 1344 random 55555 9999
1782428817,tx,1344,4,100000,0,/root/etherbench/etherbench fpga-tx-test corundum0 192.168.1.12 100000 1344 random 55555 9999
1782428819,tx,1344,5,100000,0,/root/etherbench/etherbench fpga-tx-test corundum0 192.168.1.12 100000 1344 random 55555 9999
1782428820,tx,1344,6,100000,0,/root/etherbench/etherbench fpga-tx-test corundum0 192.168.1.12 100000 1344 random 55555 9999
1782428822,tx,1344,7,100000,0,/root/etherbench/etherbench fpga-tx-test corundum0 192.168.1.12 100000 1344 random 55555 9999
1782428824,tx,1344,8,100000,0,/root/etherbench/etherbench fpga-tx-test corundum0 192.168.1.12 100000 1344 random 55555 9999
1782428825,tx,1344,9,100000,0,/root/etherbench/etherbench fpga-tx-test corundum0 192.168.1.12 100000 1344 random 55555 9999
1782428827,tx,1344,10,100000,0,/root/etherbench/etherbench fpga-tx-test corundum0 192.168.1.12 100000 1344 random 55555 9999
1782428829,tx,1408,1,100000,0,/root/etherbench/etherbench fpga-tx-test corundum0 192.168.1.12 100000 1408 random 55555 9999
1782428830,tx,1408,2,100000,0,/root/etherbench/etherbench fpga-tx-test corundum0 192.168.1.12 100000 1408 random 55555 9999
1782428832,tx,1408,3,100000,0,/root/etherbench/etherbench fpga-tx-test corundum0 192.168.1.12 100000 1408 random 55555 9999
1782428834,tx,1408,4,100000,0,/root/etherbench/etherbench fpga-tx-test corundum0 192.168.1.12 100000 1408 random 55555 9999
1782428835,tx,1408,5,100000,0,/root/etherbench/etherbench fpga-tx-test corundum0 192.168.1.12 100000 1408 random 55555 9999
1782428837,tx,1408,6,100000,0,/root/etherbench/etherbench fpga-tx-test corundum0 192.168.1.12 100000 1408 random 55555 9999
1782428839,tx,1408,7,100000,0,/root/etherbench/etherbench fpga-tx-test corundum0 192.168.1.12 100000 1408 random 55555 9999
1782428841,tx,1408,8,100000,0,/root/etherbench/etherbench fpga-tx-test corundum0 192.168.1.12 100000 1408 random 55555 9999
1782428842,tx,1408,9,100000,0,/root/etherbench/etherbench fpga-tx-test corundum0 192.168.1.12 100000 1408 random 55555 9999
1782428844,tx,1408,10,100000,0,/root/etherbench/etherbench fpga-tx-test corundum0 192.168.1.12 100000 1408 random 55555 9999
1782428846,tx,1472,1,100000,0,/root/etherbench/etherbench fpga-tx-test corundum0 192.168.1.12 100000 1472 random 55555 9999
1782428847,tx,1472,2,100000,0,/root/etherbench/etherbench fpga-tx-test corundum0 192.168.1.12 100000 1472 random 55555 9999
1782428849,tx,1472,3,100000,0,/root/etherbench/etherbench fpga-tx-test corundum0 192.168.1.12 100000 1472 random 55555 9999
1782428851,tx,1472,4,100000,0,/root/etherbench/etherbench fpga-tx-test corundum0 192.168.1.12 100000 1472 random 55555 9999
1782428853,tx,1472,5,100000,0,/root/etherbench/etherbench fpga-tx-test corundum0 192.168.1.12 100000 1472 random 55555 9999
1782428854,tx,1472,6,100000,0,/root/etherbench/etherbench fpga-tx-test corundum0 192.168.1.12 100000 1472 random 55555 9999
1782428856,tx,1472,7,100000,0,/root/etherbench/etherbench fpga-tx-test corundum0 192.168.1.12 100000 1472 random 55555 9999
1782428858,tx,1472,8,100000,0,/root/etherbench/etherbench fpga-tx-test corundum0 192.168.1.12 100000 1472 random 55555 9999
1782428860,tx,1472,9,100000,0,/root/etherbench/etherbench fpga-tx-test corundum0 192.168.1.12 100000 1472 random 55555 9999
1782428861,tx,1472,10,100000,0,/root/etherbench/etherbench fpga-tx-test corundum0 192.168.1.12 100000 1472 random 55555 9999
