timestamp,tool,direction,protocol,repeat,source_interface,destination_interface,duration_s,payload_size,netperf_buffer,metrics_source,throughput_bps,elapsed_s,lost_percent,jitter_ms,packets,lost_packets,retransmits,cpu_host_percent,cpu_remote_percent,returncode
1782503397,netperf,nic-to-corundum,udp,1,nic0,corundum0,5,256,50M,netperf_stdout,2636040000.0,5.0,3.1054974825845076,0.0,6435666.0,206265.0,0.0,0.0,0.0,0
1782503403,netperf,corundum-to-nic,udp,1,corundum0,nic0,5,256,50M,netperf_stdout,2690690000.0,5.0,0.0,0.0,6569078.0,0.0,0.0,0.0,0.0,0
1782503409,netperf,nic-to-corundum,udp,2,nic0,corundum0,5,256,50M,netperf_stdout,1111000000.0,5.0,58.74064103322719,0.0,2712408.0,3861635.0,0.0,0.0,0.0,0
1782503414,netperf,corundum-to-nic,udp,2,corundum0,nic0,5,256,50M,netperf_stdout,2708950000.0,5.0,0.0,0.0,6613666.0,0.0,0.0,0.0,0.0,0
1782503420,netperf,nic-to-corundum,udp,3,nic0,corundum0,5,256,50M,netperf_stdout,2677250000.0,5.0,0.0,0.0,6536285.0,0.0,0.0,0.0,0.0,0
1782503426,netperf,corundum-to-nic,udp,3,corundum0,nic0,5,256,50M,netperf_stdout,2724630000.0,5.0,0.0,0.0,6651953.0,0.0,0.0,0.0,0.0,0
1782503431,netperf,nic-to-corundum,udp,4,nic0,corundum0,5,256,50M,netperf_stdout,1261270000.0,5.0,53.010319963425076,0.0,3079292.0,3473832.0,0.0,0.0,0.0,0
1782503437,netperf,corundum-to-nic,udp,4,corundum0,nic0,5,256,50M,netperf_stdout,2732290000.0,5.0,0.0,0.0,6670677.0,0.0,0.0,0.0,0.0,0
1782503443,netperf,nic-to-corundum,udp,5,nic0,corundum0,5,256,50M,netperf_stdout,1800270000.0,5.0,33.607043979403045,0.0,4395219.0,2224789.0,0.0,0.0,0.0,0
1782503453,netperf,corundum-to-nic,udp,5,corundum0,nic0,5,256,50M,netperf_stdout,2725170000.0,5.0,0.0,0.0,6653262.0,0.0,0.0,0.0,0.0,0
1782503458,netperf,nic-to-corundum,udp,1,nic0,corundum0,5,320,50M,netperf_stdout,1065930000.0000001,5.0,66.51676730097671,0.0,2081896.0,4135831.0,0.0,0.0,0.0,0
1782503468,netperf,corundum-to-nic,udp,1,corundum0,nic0,5,320,50M,netperf_stdout,3373000000.0,5.0,0.0,0.0,6587923.0,0.0,0.0,0.0,0.0,0
1782503474,netperf,nic-to-corundum,udp,2,nic0,corundum0,5,320,50M,netperf_stdout,3306620000.0,5.0,0.01534229337716079,0.0,6458278.0,991.0,0.0,0.0,0.0,0
1782503479,netperf,corundum-to-nic,udp,2,corundum0,nic0,5,320,50M,netperf_stdout,3349150000.0,5.0,0.0,0.0,6541333.0,0.0,0.0,0.0,0.0,0
1782503485,netperf,nic-to-corundum,udp,3,nic0,corundum0,5,320,50M,netperf_stdout,3324420000.0,5.0,0.1773367206927432,0.0,6493040.0,11535.0,0.0,0.0,0.0,0
1782503491,netperf,corundum-to-nic,udp,3,corundum0,nic0,5,320,50M,netperf_stdout,3316360000.0,5.0,0.0,0.0,6477298.0,0.0,0.0,0.0,0.0,0
1782503496,netperf,nic-to-corundum,udp,4,nic0,corundum0,5,320,50M,netperf_stdout,3309810000.0,5.0,0.0,0.0,6464494.0,0.0,0.0,0.0,0.0,0
1782503502,netperf,corundum-to-nic,udp,4,corundum0,nic0,5,320,50M,netperf_stdout,3311800000.0,5.0,0.0,0.0,6468385.0,0.0,0.0,0.0,0.0,0
1782503508,netperf,nic-to-corundum,udp,5,nic0,corundum0,5,320,50M,netperf_stdout,2593160000.0,5.0,22.46325226910043,0.0,5064781.0,1467323.0,0.0,0.0,0.0,0
1782503513,netperf,corundum-to-nic,udp,5,corundum0,nic0,5,320,50M,netperf_stdout,3321980000.0,5.0,0.0,0.0,6488276.0,0.0,0.0,0.0,0.0,0
1782503519,netperf,nic-to-corundum,udp,1,nic0,corundum0,5,384,50M,netperf_stdout,1534990000.0,5.0,60.99550858355597,0.0,2498366.0,3906963.0,0.0,0.0,0.0,0
1782503529,netperf,corundum-to-nic,udp,1,corundum0,nic0,5,384,50M,netperf_stdout,3997190000.0,5.0,0.0,0.0,6505885.0,0.0,0.0,0.0,0.0,0
1782503534,netperf,nic-to-corundum,udp,2,nic0,corundum0,5,384,50M,netperf_stdout,3926400000.0,5.0,0.670073272701217,0.0,6390663.0,43111.0,0.0,0.0,0.0,0
1782503540,netperf,corundum-to-nic,udp,2,corundum0,nic0,5,384,50M,netperf_stdout,3958830000.0,5.0,0.0,0.0,6443452.0,0.0,0.0,0.0,0.0,0
1782503546,netperf,nic-to-corundum,udp,3,nic0,corundum0,5,384,50M,netperf_stdout,1178270000.0,5.0,69.80169426564238,0.0,1917773.0,4432825.0,0.0,0.0,0.0,0
1782503555,netperf,corundum-to-nic,udp,3,corundum0,nic0,5,384,50M,netperf_stdout,3951740000.0,5.0,0.0,0.0,6431907.0,0.0,0.0,0.0,0.0,0
1782503561,netperf,nic-to-corundum,udp,4,nic0,corundum0,5,384,50M,netperf_stdout,3950680000.0,5.0,0.014118926140600868,0.0,6430176.0,908.0,0.0,0.0,0.0,0
1782503567,netperf,corundum-to-nic,udp,4,corundum0,nic0,5,384,50M,netperf_stdout,3980540000.0,5.0,0.0,0.0,6478761.0,0.0,0.0,0.0,0.0,0
1782503572,netperf,nic-to-corundum,udp,5,nic0,corundum0,5,384,50M,netperf_stdout,3816690000.0,5.0,4.691961982309368,0.0,6212095.0,305818.0,0.0,0.0,0.0,0
1782503578,netperf,corundum-to-nic,udp,5,corundum0,nic0,5,384,50M,netperf_stdout,4003510000.0,5.0,0.0,0.0,6516170.0,0.0,0.0,0.0,0.0,0
1782503584,netperf,nic-to-corundum,udp,1,nic0,corundum0,5,448,50M,netperf_stdout,4590050000.0,5.0,0.08160671927569434,0.0,6403556.0,5230.0,0.0,0.0,0.0,0
1782503589,netperf,corundum-to-nic,udp,1,corundum0,nic0,5,448,50M,netperf_stdout,4608750000.0,5.0,0.0,0.0,6429650.0,0.0,0.0,0.0,0.0,0
1782503595,netperf,nic-to-corundum,udp,2,nic0,corundum0,5,448,50M,netperf_stdout,4570940000.0,5.0,0.2667828595844456,0.0,6376906.0,17058.0,0.0,0.0,0.0,0
1782503601,netperf,corundum-to-nic,udp,2,corundum0,nic0,5,448,50M,netperf_stdout,4612770000.0,5.0,0.0,0.0,6435252.0,0.0,0.0,0.0,0.0,0
1782503607,netperf,nic-to-corundum,udp,3,nic0,corundum0,5,448,50M,netperf_stdout,4536700000.0,5.0,0.0,0.0,6329122.0,0.0,0.0,0.0,0.0,0
1782503612,netperf,corundum-to-nic,udp,3,corundum0,nic0,5,448,50M,netperf_stdout,4603590000.0,5.0,0.0,0.0,6422451.0,0.0,0.0,0.0,0.0,0
1782503618,netperf,nic-to-corundum,udp,4,nic0,corundum0,5,448,50M,netperf_stdout,4574890000.0,5.0,0.0988303613005725,0.0,6382411.0,6314.0,0.0,0.0,0.0,0
1782503624,netperf,corundum-to-nic,udp,4,corundum0,nic0,5,448,50M,netperf_stdout,4601210000.0,5.0,0.0,0.0,6419138.0,0.0,0.0,0.0,0.0,0
1782503629,netperf,nic-to-corundum,udp,5,nic0,corundum0,5,448,50M,netperf_stdout,4595650000.0,5.0,0.0,0.0,6411378.0,0.0,0.0,0.0,0.0,0
1782503635,netperf,corundum-to-nic,udp,5,corundum0,nic0,5,448,50M,netperf_stdout,4607650000.0,5.0,0.0,0.0,6428121.0,0.0,0.0,0.0,0.0,0
1782503641,netperf,nic-to-corundum,udp,1,nic0,corundum0,5,512,50M,netperf_stdout,4561330000.0,5.0,13.328361591629792,0.0,5568053.0,856255.0,0.0,0.0,0.0,0
1782503646,netperf,corundum-to-nic,udp,1,corundum0,nic0,5,512,50M,netperf_stdout,5255240000.0,5.0,0.0,0.0,6415109.0,0.0,0.0,0.0,0.0,0
1782503652,netperf,nic-to-corundum,udp,2,nic0,corundum0,5,512,50M,netperf_stdout,5237970000.0,5.0,0.0,0.0,6394038.0,0.0,0.0,0.0,0.0,0
1782503658,netperf,corundum-to-nic,udp,2,corundum0,nic0,5,512,50M,netperf_stdout,5247430000.0,5.0,0.0,0.0,6405590.0,0.0,0.0,0.0,0.0,0
1782503663,netperf,nic-to-corundum,udp,3,nic0,corundum0,5,512,50M,netperf_stdout,4891940000.0,5.0,7.212732570615091,0.0,5971641.0,464200.0,0.0,0.0,0.0,0
1782503669,netperf,corundum-to-nic,udp,3,corundum0,nic0,5,512,50M,netperf_stdout,5255270000.0,5.0,0.0,0.0,6415164.0,0.0,0.0,0.0,0.0,0
1782503675,netperf,nic-to-corundum,udp,4,nic0,corundum0,5,512,50M,netperf_stdout,5223550000.0,5.0,0.1769014597814531,0.0,6376437.0,11300.0,0.0,0.0,0.0,0
1782503680,netperf,corundum-to-nic,udp,4,corundum0,nic0,5,512,50M,netperf_stdout,5257110000.0,5.0,0.0,0.0,6417406.0,0.0,0.0,0.0,0.0,0
1782503686,netperf,nic-to-corundum,udp,5,nic0,corundum0,5,512,50M,netperf_stdout,5245910000.0,5.0,0.4467956404311811,0.0,6403731.0,28740.0,0.0,0.0,0.0,0
1782503692,netperf,corundum-to-nic,udp,5,corundum0,nic0,5,512,50M,netperf_stdout,5236170000.0,5.0,0.0,0.0,6391838.0,0.0,0.0,0.0,0.0,0
1782503697,netperf,nic-to-corundum,udp,1,nic0,corundum0,5,576,50M,netperf_stdout,2064280000.0000002,5.0,64.69785558458653,0.0,2239902.0,4105044.0,0.0,0.0,0.0,0
1782503703,netperf,corundum-to-nic,udp,1,corundum0,nic0,5,576,50M,netperf_stdout,5904980000.0,5.0,0.0,0.0,6407338.0,0.0,0.0,0.0,0.0,0
1782503709,netperf,nic-to-corundum,udp,2,nic0,corundum0,5,576,50M,netperf_stdout,5876500000.0,5.0,0.0,0.0,6376447.0,0.0,0.0,0.0,0.0,0
1782503714,netperf,corundum-to-nic,udp,2,corundum0,nic0,5,576,50M,netperf_stdout,5907260000.0,5.0,0.0,0.0,6409810.0,0.0,0.0,0.0,0.0,0
1782503720,netperf,nic-to-corundum,udp,3,nic0,corundum0,5,576,50M,netperf_stdout,3184810000.0,5.0,45.7446486159587,0.0,3455755.0,2913672.0,0.0,0.0,0.0,0
1782503730,netperf,corundum-to-nic,udp,3,corundum0,nic0,5,576,50M,netperf_stdout,5904400000.0,5.0,0.0,0.0,6406713.0,0.0,0.0,0.0,0.0,0
1782503735,netperf,nic-to-corundum,udp,4,nic0,corundum0,5,576,50M,netperf_stdout,5854280000.0,5.0,0.22159905994750925,0.0,6352345.0,14108.0,0.0,0.0,0.0,0
1782503741,netperf,corundum-to-nic,udp,4,corundum0,nic0,5,576,50M,netperf_stdout,5924420000.0,5.0,0.0,0.0,6428433.0,0.0,0.0,0.0,0.0,0
1782503747,netperf,nic-to-corundum,udp,5,nic0,corundum0,5,576,50M,netperf_stdout,5872480000.0,5.0,0.0,0.0,6372073.0,0.0,0.0,0.0,0.0,0
1782503752,netperf,corundum-to-nic,udp,5,corundum0,nic0,5,576,50M,netperf_stdout,5924970000.0,5.0,0.0,0.0,6429040.0,0.0,0.0,0.0,0.0,0
1782503758,netperf,nic-to-corundum,udp,1,nic0,corundum0,5,640,50M,netperf_stdout,6508450000.0,5.0,0.0,0.0,6355946.0,0.0,0.0,0.0,0.0,0
1782503764,netperf,corundum-to-nic,udp,1,corundum0,nic0,5,640,50M,netperf_stdout,6569900000.0,5.0,0.0,0.0,6415950.0,0.0,0.0,0.0,0.0,0
1782503769,netperf,nic-to-corundum,udp,2,nic0,corundum0,5,640,50M,netperf_stdout,2070310000.0,5.0,67.88809061618203,0.0,2021796.0,4274298.0,0.0,0.0,0.0,0
1782503779,netperf,corundum-to-nic,udp,2,corundum0,nic0,5,640,50M,netperf_stdout,6545640000.0,5.0,0.0,0.0,6392250.0,0.0,0.0,0.0,0.0,0
1782503785,netperf,nic-to-corundum,udp,3,nic0,corundum0,5,640,50M,netperf_stdout,2589860000.0,5.0,49.11522950435429,0.0,2529169.0,2441216.0,0.0,0.0,0.0,0
1782503794,netperf,corundum-to-nic,udp,3,corundum0,nic0,5,640,50M,netperf_stdout,6559330000.0,5.0,0.0,0.0,6405630.0,0.0,0.0,0.0,0.0,0
1782503800,netperf,nic-to-corundum,udp,4,nic0,corundum0,5,640,50M,netperf_stdout,6508160000.0,5.0,0.19668118364856235,0.0,6355649.0,12525.0,0.0,0.0,0.0,0
1782503806,netperf,corundum-to-nic,udp,4,corundum0,nic0,5,640,50M,netperf_stdout,6552810000.0,5.0,0.0,0.0,6399256.0,0.0,0.0,0.0,0.0,0
1782503811,netperf,nic-to-corundum,udp,5,nic0,corundum0,5,640,50M,netperf_stdout,6539730000.0,5.0,0.03942701697599945,0.0,6386501.0,2519.0,0.0,0.0,0.0,0
1782503817,netperf,corundum-to-nic,udp,5,corundum0,nic0,5,640,50M,netperf_stdout,6545750000.0,5.0,0.0,0.0,6392355.0,0.0,0.0,0.0,0.0,0
1782503823,netperf,nic-to-corundum,udp,1,nic0,corundum0,5,704,50M,netperf_stdout,7106550000.0,5.0,0.0056106218898888515,0.0,6309107.0,354.0,0.0,0.0,0.0,0
1782503829,netperf,corundum-to-nic,udp,1,corundum0,nic0,5,704,50M,netperf_stdout,6198430000.0,5.0,0.0,0.0,5502900.0,0.0,0.0,0.0,0.0,0
1782503834,netperf,nic-to-corundum,udp,2,nic0,corundum0,5,704,50M,netperf_stdout,7082590000.0,5.0,0.0754221159383808,0.0,6287838.0,4746.0,0.0,0.0,0.0,0
1782503840,netperf,corundum-to-nic,udp,2,corundum0,nic0,5,704,50M,netperf_stdout,7214310000.0,5.0,0.0,0.0,6404778.0,0.0,0.0,0.0,0.0,0
1782503846,netperf,nic-to-corundum,udp,3,nic0,corundum0,5,704,50M,netperf_stdout,7117770000.0,5.0,0.0,0.0,6319072.0,0.0,0.0,0.0,0.0,0
1782503851,netperf,corundum-to-nic,udp,3,corundum0,nic0,5,704,50M,netperf_stdout,5880320000.0,5.0,0.0,0.0,5220481.0,0.0,0.0,0.0,0.0,0
1782503857,netperf,nic-to-corundum,udp,4,nic0,corundum0,5,704,50M,netperf_stdout,6988460000.0,5.0,2.8941898647400763,0.0,6204265.0,184915.0,0.0,0.0,0.0,0
1782503863,netperf,corundum-to-nic,udp,4,corundum0,nic0,5,704,50M,netperf_stdout,7177940000.0,5.0,0.0,0.0,6372495.0,0.0,0.0,0.0,0.0,0
1782503868,netperf,nic-to-corundum,udp,5,nic0,corundum0,5,704,50M,netperf_stdout,6961930000.0,5.0,2.1277923196660695,0.0,6180718.0,134372.0,0.0,0.0,0.0,0
1782503874,netperf,corundum-to-nic,udp,5,corundum0,nic0,5,704,50M,netperf_stdout,7154390000.0,5.0,0.0,0.0,6351575.0,0.0,0.0,0.0,0.0,0
1782503880,netperf,nic-to-corundum,udp,1,nic0,corundum0,5,768,50M,netperf_stdout,7672580000.0,5.0,1.3186250834462807,0.0,6243989.0,83435.0,0.0,0.0,0.0,0
1782503885,netperf,corundum-to-nic,udp,1,corundum0,nic0,5,768,50M,netperf_stdout,7856340000.0,5.0,0.0,0.0,6393525.0,0.0,0.0,0.0,0.0,0
1782503891,netperf,nic-to-corundum,udp,2,nic0,corundum0,5,768,50M,netperf_stdout,7698050000.0,5.0,0.20458569524967085,0.0,6264722.0,12843.0,0.0,0.0,0.0,0
1782503897,netperf,corundum-to-nic,udp,2,corundum0,nic0,5,768,50M,netperf_stdout,7835160000.0,5.0,0.0,0.0,6376295.0,0.0,0.0,0.0,0.0,0
1782503902,netperf,nic-to-corundum,udp,3,nic0,corundum0,5,768,50M,netperf_stdout,7717070000.0,5.0,0.14711959298131583,0.0,6280188.0,9253.0,0.0,0.0,0.0,0
1782503908,netperf,corundum-to-nic,udp,3,corundum0,nic0,5,768,50M,netperf_stdout,7782170000.0,5.0,0.0,0.0,6333168.0,0.0,0.0,0.0,0.0,0
1782503914,netperf,nic-to-corundum,udp,4,nic0,corundum0,5,768,50M,netperf_stdout,7545620000.0,5.0,2.809250538368595,0.0,6140669.0,177493.0,0.0,0.0,0.0,0
1782503919,netperf,corundum-to-nic,udp,4,corundum0,nic0,5,768,50M,netperf_stdout,7758110000.0,5.0,0.0,0.0,6313587.0,0.0,0.0,0.0,0.0,0
1782503925,netperf,nic-to-corundum,udp,5,nic0,corundum0,5,768,50M,netperf_stdout,7841380000.0,5.0,0.2536265977490913,0.0,6381368.0,16226.0,0.0,0.0,0.0,0
1782503931,netperf,corundum-to-nic,udp,5,corundum0,nic0,5,768,50M,netperf_stdout,7823880000.0,5.0,0.0,0.0,6367124.0,0.0,0.0,0.0,0.0,0
1782503936,netperf,nic-to-corundum,udp,1,nic0,corundum0,5,832,50M,netperf_stdout,8412650000.0,5.0,0.013922938119659741,0.0,6319625.0,880.0,0.0,0.0,0.0,0
1782503942,netperf,corundum-to-nic,udp,1,corundum0,nic0,5,832,50M,netperf_stdout,8474049999.999999,5.0,0.0,0.0,6365748.0,0.0,0.0,0.0,0.0,0
1782503948,netperf,nic-to-corundum,udp,2,nic0,corundum0,5,832,50M,netperf_stdout,4686320000.0,5.0,15.65014186908749,0.0,3520397.0,653169.0,0.0,0.0,0.0,0
1782503957,netperf,corundum-to-nic,udp,2,corundum0,nic0,5,832,50M,netperf_stdout,7484570000.0,5.0,0.0,0.0,5622453.0,0.0,0.0,0.0,0.0,0
1782503963,netperf,nic-to-corundum,udp,3,nic0,corundum0,5,832,50M,netperf_stdout,8334590000.0,5.0,0.900555534627291,0.0,6260982.0,56896.0,0.0,0.0,0.0,0
1782503969,netperf,corundum-to-nic,udp,3,corundum0,nic0,5,832,50M,netperf_stdout,8502709999.999999,5.0,0.0,0.0,6387274.0,0.0,0.0,0.0,0.0,0
1782503974,netperf,nic-to-corundum,udp,4,nic0,corundum0,5,832,50M,netperf_stdout,8423139999.999999,5.0,0.12411256281787764,0.0,6327515.0,7863.0,0.0,0.0,0.0,0
1782503980,netperf,corundum-to-nic,udp,4,corundum0,nic0,5,832,50M,netperf_stdout,8359000000.0,5.0,0.0,0.0,6279320.0,0.0,0.0,0.0,0.0,0
1782503986,netperf,nic-to-corundum,udp,5,nic0,corundum0,5,832,50M,netperf_stdout,8389379999.999999,5.0,0.2701758778025822,0.0,6302144.0,17073.0,0.0,0.0,0.0,0
1782503991,netperf,corundum-to-nic,udp,5,corundum0,nic0,5,832,50M,netperf_stdout,8391320000.0,5.0,0.0,0.0,6303597.0,0.0,0.0,0.0,0.0,0
1782503997,netperf,nic-to-corundum,udp,1,nic0,corundum0,5,896,50M,netperf_stdout,8649990000.0,5.0,3.6227587568452035,0.0,6033782.0,226806.0,0.0,0.0,0.0,0
1782504003,netperf,corundum-to-nic,udp,1,corundum0,nic0,5,896,50M,netperf_stdout,9120390000.0,5.0,6.425592113410902,0.0,6361920.0,436862.0,0.0,0.0,0.0,0
1782504008,netperf,nic-to-corundum,udp,2,nic0,corundum0,5,896,50M,netperf_stdout,8985060000.0,5.0,0.41679430648045873,0.0,6267520.0,26232.0,0.0,0.0,0.0,0
1782504014,netperf,corundum-to-nic,udp,2,corundum0,nic0,5,896,50M,netperf_stdout,9116000000.0,5.0,5.261660185992058,0.0,6358844.0,353163.0,0.0,0.0,0.0,0
1782504020,netperf,nic-to-corundum,udp,3,nic0,corundum0,5,896,50M,netperf_stdout,8959080000.0,5.0,0.1111829669484815,0.0,6249398.0,6956.0,0.0,0.0,0.0,0
1782504025,netperf,corundum-to-nic,udp,3,corundum0,nic0,5,896,50M,netperf_stdout,9118370000.0,5.0,5.936305626985014,0.0,6360508.0,401408.0,0.0,0.0,0.0,0
1782504031,netperf,nic-to-corundum,udp,4,nic0,corundum0,5,896,50M,netperf_stdout,8879840000.0,5.0,1.717562672147787,0.0,6194114.0,108247.0,0.0,0.0,0.0,0
1782504037,netperf,corundum-to-nic,udp,4,corundum0,nic0,5,896,50M,netperf_stdout,9107590000.0,5.0,5.789539557723672,0.0,6352975.0,390411.0,0.0,0.0,0.0,0
1782504042,netperf,nic-to-corundum,udp,5,nic0,corundum0,5,896,50M,netperf_stdout,8904930000.0,5.0,0.0,0.0,6211615.0,0.0,0.0,0.0,0.0,0
1782504048,netperf,corundum-to-nic,udp,5,corundum0,nic0,5,896,50M,netperf_stdout,9120720000.0,5.0,6.732145281250284,0.0,6362138.0,459224.0,0.0,0.0,0.0,0
1782504054,netperf,nic-to-corundum,udp,1,nic0,corundum0,5,960,50M,netperf_stdout,9370110000.0,5.0,0.044714966258142176,0.0,6100373.0,2729.0,0.0,0.0,0.0,0
1782504059,netperf,corundum-to-nic,udp,1,corundum0,nic0,5,960,50M,netperf_stdout,9157030000.0,5.0,12.84081922785142,0.0,5961647.0,878306.0,0.0,0.0,0.0,0
1782504065,netperf,nic-to-corundum,udp,2,nic0,corundum0,5,960,50M,netperf_stdout,3078350000.0,5.0,67.0828213659293,0.0,2004143.0,4084298.0,0.0,0.0,0.0,0
1782504075,netperf,corundum-to-nic,udp,2,corundum0,nic0,5,960,50M,netperf_stdout,8643890000.0,5.0,7.871564616406415,0.0,5627554.0,480825.0,0.0,0.0,0.0,0
1782504081,netperf,nic-to-corundum,udp,3,nic0,corundum0,5,960,50M,netperf_stdout,9331220000.0,5.0,0.4989923845762774,0.0,6075038.0,30466.0,0.0,0.0,0.0,0
1782504086,netperf,corundum-to-nic,udp,3,corundum0,nic0,5,960,50M,netperf_stdout,8036800000.0,5.0,0.0,0.0,5232321.0,0.0,0.0,0.0,0.0,0
1782504092,netperf,nic-to-corundum,udp,4,nic0,corundum0,5,960,50M,netperf_stdout,9342590000.0,5.0,0.40367755442761555,0.0,6082449.0,24653.0,0.0,0.0,0.0,0
1782504098,netperf,corundum-to-nic,udp,4,corundum0,nic0,5,960,50M,netperf_stdout,9176500000.0,5.0,12.947242541337364,0.0,5974308.0,888551.0,0.0,0.0,0.0,0
1782504103,netperf,nic-to-corundum,udp,5,nic0,corundum0,5,960,50M,netperf_stdout,3033780000.0,5.0,67.61624581107807,0.0,1975125.0,4123998.0,0.0,0.0,0.0,0
1782504109,netperf,corundum-to-nic,udp,5,corundum0,nic0,5,960,50M,netperf_stdout,9150090000.0,5.0,10.151461768504905,0.0,5957127.0,673061.0,0.0,0.0,0.0,0
1782504115,netperf,nic-to-corundum,udp,1,nic0,corundum0,5,1024,50M,netperf_stdout,3394670000.0,5.0,63.929699584189635,0.0,2071952.0,3672253.0,0.0,0.0,0.0,0
1782504120,netperf,corundum-to-nic,udp,1,corundum0,nic0,5,1024,50M,netperf_stdout,9219780000.0,5.0,16.885436698185387,0.0,5627338.0,1143242.0,0.0,0.0,0.0,0
1782504126,netperf,nic-to-corundum,udp,2,nic0,corundum0,5,1024,50M,netperf_stdout,9395210000.0,5.0,2.8927688314890396,0.0,5734417.0,170825.0,0.0,0.0,0.0,0
1782504132,netperf,corundum-to-nic,udp,2,corundum0,nic0,5,1024,50M,netperf_stdout,9225990000.0,5.0,16.283959170202454,0.0,5631126.0,1095334.0,0.0,0.0,0.0,0
1782504137,netperf,nic-to-corundum,udp,3,nic0,corundum0,5,1024,50M,netperf_stdout,9411190000.0,5.0,0.9282878571973096,0.0,5744164.0,53822.0,0.0,0.0,0.0,0
1782504143,netperf,corundum-to-nic,udp,3,corundum0,nic0,5,1024,50M,netperf_stdout,9225960000.0,5.0,16.602941426934915,0.0,5631107.0,1121058.0,0.0,0.0,0.0,0
1782504149,netperf,nic-to-corundum,udp,4,nic0,corundum0,5,1024,50M,netperf_stdout,9411640000.0,5.0,1.6085195303467588,0.0,5744439.0,93911.0,0.0,0.0,0.0,0
1782504154,netperf,corundum-to-nic,udp,4,corundum0,nic0,5,1024,50M,netperf_stdout,9225960000.0,5.0,16.430214086593946,0.0,5631106.0,1107102.0,0.0,0.0,0.0,0
1782504160,netperf,nic-to-corundum,udp,5,nic0,corundum0,5,1024,50M,netperf_stdout,9353270000.0,5.0,2.880041373842953,0.0,5708818.0,169292.0,0.0,0.0,0.0,0
1782504166,netperf,corundum-to-nic,udp,5,corundum0,nic0,5,1024,50M,netperf_stdout,9226020000.0,5.0,15.04968134993879,0.0,5631140.0,997605.0,0.0,0.0,0.0,0
1782504171,netperf,nic-to-corundum,udp,1,nic0,corundum0,5,1088,50M,netperf_stdout,5532600000.0,5.0,42.25028268718816,0.0,3178217.0,2325216.0,0.0,0.0,0.0,0
1782504181,netperf,corundum-to-nic,udp,1,corundum0,nic0,5,1088,50M,netperf_stdout,9269910000.0,5.0,21.445061789223306,0.0,5325123.0,1453729.0,0.0,0.0,0.0,0
1782504187,netperf,nic-to-corundum,udp,2,nic0,corundum0,5,1088,50M,netperf_stdout,5998820000.0,5.0,0.0,0.0,3446045.0,0.0,0.0,0.0,0.0,0
1782504192,netperf,corundum-to-nic,udp,2,corundum0,nic0,5,1088,50M,netperf_stdout,9270220000.0,5.0,22.586167345883805,0.0,5325296.0,1553702.0,0.0,0.0,0.0,0
1782504198,netperf,nic-to-corundum,udp,3,nic0,corundum0,5,1088,50M,netperf_stdout,9443220000.0,5.0,8.36407746981838,0.0,5424689.0,495139.0,0.0,0.0,0.0,0
1782504204,netperf,corundum-to-nic,udp,3,corundum0,nic0,5,1088,50M,netperf_stdout,9269800000.0,5.0,21.391988273145373,0.0,5325060.0,1449135.0,0.0,0.0,0.0,0
1782504209,netperf,nic-to-corundum,udp,4,nic0,corundum0,5,1088,50M,netperf_stdout,9445720000.0,5.0,8.317391411604367,0.0,5426105.0,492253.0,0.0,0.0,0.0,0
1782504215,netperf,corundum-to-nic,udp,4,corundum0,nic0,5,1088,50M,netperf_stdout,9269910000.0,5.0,20.881997846850638,0.0,5325121.0,1405485.0,0.0,0.0,0.0,0
1782504221,netperf,nic-to-corundum,udp,5,nic0,corundum0,5,1088,50M,netperf_stdout,9446160000.0,5.0,8.955881982836003,0.0,5426366.0,533784.0,0.0,0.0,0.0,0
1782504227,netperf,corundum-to-nic,udp,5,corundum0,nic0,5,1088,50M,netperf_stdout,9270130000.0,5.0,21.283475563644146,0.0,5325239.0,1439845.0,0.0,0.0,0.0,0
1782504232,netperf,nic-to-corundum,udp,1,nic0,corundum0,5,1152,50M,netperf_stdout,9476490000.0,5.0,14.39806410568699,0.0,5141349.0,864764.0,0.0,0.0,0.0,0
1782504238,netperf,corundum-to-nic,udp,1,corundum0,nic0,5,1152,50M,netperf_stdout,9309860000.0,5.0,25.013921787095754,0.0,5050946.0,1684899.0,0.0,0.0,0.0,0
1782504244,netperf,nic-to-corundum,udp,2,nic0,corundum0,5,1152,50M,netperf_stdout,6105360000.0,5.0,39.76323454103188,0.0,3312386.0,2186558.0,0.0,0.0,0.0,0
1782504249,netperf,corundum-to-nic,udp,2,corundum0,nic0,5,1152,50M,netperf_stdout,9309680000.0,5.0,24.565492552293005,0.0,5050857.0,1644828.0,0.0,0.0,0.0,0
1782504255,netperf,nic-to-corundum,udp,3,nic0,corundum0,5,1152,50M,netperf_stdout,9477340000.0,5.0,12.416109211668468,0.0,5141812.0,728916.0,0.0,0.0,0.0,0
1782504261,netperf,corundum-to-nic,udp,3,corundum0,nic0,5,1152,50M,netperf_stdout,9309920000.0,5.0,26.158072484597454,0.0,5050985.0,1789282.0,0.0,0.0,0.0,0
1782504266,netperf,nic-to-corundum,udp,4,nic0,corundum0,5,1152,50M,netperf_stdout,9477380000.0,5.0,13.800441606352749,0.0,5141839.0,823202.0,0.0,0.0,0.0,0
1782504272,netperf,corundum-to-nic,udp,4,corundum0,nic0,5,1152,50M,netperf_stdout,9309680000.0,5.0,22.95228409422519,0.0,5050853.0,1504634.0,0.0,0.0,0.0,0
1782504278,netperf,nic-to-corundum,udp,5,nic0,corundum0,5,1152,50M,netperf_stdout,4611020000.0,5.0,52.650986196467066,0.0,2501652.0,2781778.0,0.0,0.0,0.0,0
1782504283,netperf,corundum-to-nic,udp,5,corundum0,nic0,5,1152,50M,netperf_stdout,9309950000.0,5.0,25.45494178731616,0.0,5050992.0,1724765.0,0.0,0.0,0.0,0
1782504289,netperf,nic-to-corundum,udp,1,nic0,corundum0,5,1216,50M,netperf_stdout,9439230000.0,5.0,6.211642995762377,0.0,4851622.0,321325.0,0.0,0.0,0.0,0
1782504295,netperf,corundum-to-nic,udp,1,corundum0,nic0,5,1216,50M,netperf_stdout,9345780000.0,5.0,28.930098878032968,0.0,4803567.0,1955366.0,0.0,0.0,0.0,0
1782504300,netperf,nic-to-corundum,udp,2,nic0,corundum0,5,1216,50M,netperf_stdout,9505220000.0,5.0,16.917703866292015,0.0,4885519.0,994818.0,0.0,0.0,0.0,0
1782504306,netperf,corundum-to-nic,udp,2,corundum0,nic0,5,1216,50M,netperf_stdout,9345810000.0,5.0,29.182711529774746,0.0,4803582.0,1979482.0,0.0,0.0,0.0,0
1782504312,netperf,nic-to-corundum,udp,3,nic0,corundum0,5,1216,50M,netperf_stdout,9505220000.0,5.0,16.984022036882312,0.0,4885526.0,999517.0,0.0,0.0,0.0,0
1782504317,netperf,corundum-to-nic,udp,3,corundum0,nic0,5,1216,50M,netperf_stdout,9345700000.0,5.0,28.7304443762935,0.0,4803526.0,1936415.0,0.0,0.0,0.0,0
1782504323,netperf,nic-to-corundum,udp,4,nic0,corundum0,5,1216,50M,netperf_stdout,9505020000.0,5.0,16.961788345931627,0.0,4885417.0,997919.0,0.0,0.0,0.0,0
1782504329,netperf,corundum-to-nic,udp,4,corundum0,nic0,5,1216,50M,netperf_stdout,9345810000.0,5.0,28.11325744067372,0.0,4803585.0,1878572.0,0.0,0.0,0.0,0
1782504335,netperf,nic-to-corundum,udp,5,nic0,corundum0,5,1216,50M,netperf_stdout,9504380000.0,5.0,12.446494312172655,0.0,4885089.0,694458.0,0.0,0.0,0.0,0
1782504340,netperf,corundum-to-nic,udp,5,corundum0,nic0,5,1216,50M,netperf_stdout,9345520000.0,5.0,27.082654334659225,0.0,4803444.0,1784075.0,0.0,0.0,0.0,0
1782504346,netperf,nic-to-corundum,udp,1,nic0,corundum0,5,1280,50M,netperf_stdout,9531030000.0,5.0,20.034842846357105,0.0,4653849.0,1165997.0,0.0,0.0,0.0,0
1782504352,netperf,corundum-to-nic,udp,1,corundum0,nic0,5,1280,50M,netperf_stdout,9378520000.0,5.0,32.075855666399534,0.0,4579384.0,2162525.0,0.0,0.0,0.0,0
1782504357,netperf,nic-to-corundum,udp,2,nic0,corundum0,5,1280,50M,netperf_stdout,9530910000.0,5.0,21.59216370641227,0.0,4653785.0,1281572.0,0.0,0.0,0.0,0
1782504363,netperf,corundum-to-nic,udp,2,corundum0,nic0,5,1280,50M,netperf_stdout,9378390000.0,5.0,32.111695017973815,0.0,4579316.0,2166052.0,0.0,0.0,0.0,0
1782504369,netperf,nic-to-corundum,udp,3,nic0,corundum0,5,1280,50M,netperf_stdout,9530830000.0,5.0,21.72303864553178,0.0,4653754.0,1291487.0,0.0,0.0,0.0,0
1782504374,netperf,corundum-to-nic,udp,3,corundum0,nic0,5,1280,50M,netperf_stdout,9378410000.0,5.0,31.679418240584173,0.0,4579325.0,2123377.0,0.0,0.0,0.0,0
1782504380,netperf,nic-to-corundum,udp,4,nic0,corundum0,5,1280,50M,netperf_stdout,9530990000.0,5.0,20.414587322863163,0.0,4653835.0,1193763.0,0.0,0.0,0.0,0
1782504386,netperf,corundum-to-nic,udp,4,corundum0,nic0,5,1280,50M,netperf_stdout,9378520000.0,5.0,32.629172871979286,0.0,4579375.0,2217892.0,0.0,0.0,0.0,0
1782504391,netperf,nic-to-corundum,udp,5,nic0,corundum0,5,1280,50M,netperf_stdout,9531070000.0,5.0,19.92965869222013,0.0,4653874.0,1158358.0,0.0,0.0,0.0,0
1782504397,netperf,corundum-to-nic,udp,5,corundum0,nic0,5,1280,50M,netperf_stdout,9375420000.0,5.0,13.7318046102902,0.0,4577877.0,728687.0,0.0,0.0,0.0,0
1782504403,netperf,nic-to-corundum,udp,1,nic0,corundum0,5,1344,50M,netperf_stdout,9312030000.0,5.0,22.754327271689426,0.0,4330404.0,1275611.0,0.0,0.0,0.0,0
1782504408,netperf,corundum-to-nic,udp,1,corundum0,nic0,5,1344,50M,netperf_stdout,9408270000.0,5.0,32.10429423194535,0.0,4375147.0,2068776.0,0.0,0.0,0.0,0
1782504414,netperf,nic-to-corundum,udp,2,nic0,corundum0,5,1344,50M,netperf_stdout,9554080000.0,5.0,23.710359161178836,0.0,4442950.0,1380842.0,0.0,0.0,0.0,0
1782504420,netperf,corundum-to-nic,udp,2,corundum0,nic0,5,1344,50M,netperf_stdout,9408240000.0,5.0,31.128736343265434,0.0,4375140.0,1977495.0,0.0,0.0,0.0,0
1782504425,netperf,nic-to-corundum,udp,3,nic0,corundum0,5,1344,50M,netperf_stdout,9554240000.0,5.0,24.90247348867712,0.0,4443025.0,1473315.0,0.0,0.0,0.0,0
1782504431,netperf,corundum-to-nic,udp,3,corundum0,nic0,5,1344,50M,netperf_stdout,9407920000.0,5.0,34.08679027253505,0.0,4374986.0,2262509.0,0.0,0.0,0.0,0
1782504437,netperf,nic-to-corundum,udp,4,nic0,corundum0,5,1344,50M,netperf_stdout,8365780000.000001,5.0,12.27928121720645,0.0,3890363.0,544579.0,0.0,0.0,0.0,0
1782504443,netperf,corundum-to-nic,udp,4,corundum0,nic0,5,1344,50M,netperf_stdout,9408290000.0,5.0,34.8173458837271,0.0,4375151.0,2336989.0,0.0,0.0,0.0,0
1782504448,netperf,nic-to-corundum,udp,5,nic0,corundum0,5,1344,50M,netperf_stdout,9553950000.0,5.0,25.70818428216909,0.0,4442895.0,1537434.0,0.0,0.0,0.0,0
1782504454,netperf,corundum-to-nic,udp,5,corundum0,nic0,5,1344,50M,netperf_stdout,9408350000.0,5.0,33.891821700752864,0.0,4375186.0,2243036.0,0.0,0.0,0.0,0
1782504460,netperf,nic-to-corundum,udp,1,nic0,corundum0,5,1408,50M,netperf_stdout,9575630000.0,5.0,27.832933467551957,0.0,4250563.0,1639330.0,0.0,0.0,0.0,0
1782504465,netperf,corundum-to-nic,udp,1,corundum0,nic0,5,1408,50M,netperf_stdout,9435750000.0,5.0,37.10262976824005,0.0,4188473.0,2470745.0,0.0,0.0,0.0,0
1782504471,netperf,nic-to-corundum,udp,2,nic0,corundum0,5,1408,50M,netperf_stdout,9575640000.0,5.0,27.980805838289136,0.0,4250575.0,1651428.0,0.0,0.0,0.0,0
1782504477,netperf,corundum-to-nic,udp,2,corundum0,nic0,5,1408,50M,netperf_stdout,9435740000.0,5.0,37.59384997086406,0.0,4188478.0,2523165.0,0.0,0.0,0.0,0
1782504482,netperf,nic-to-corundum,udp,3,nic0,corundum0,5,1408,50M,netperf_stdout,9575760000.0,5.0,29.93009533712853,0.0,4250624.0,1815638.0,0.0,0.0,0.0,0
1782504488,netperf,corundum-to-nic,udp,3,corundum0,nic0,5,1408,50M,netperf_stdout,9435770000.0,5.0,37.203416830024324,0.0,4188485.0,2481440.0,0.0,0.0,0.0,0
1782504494,netperf,nic-to-corundum,udp,4,nic0,corundum0,5,1408,50M,netperf_stdout,9575770000.0,5.0,28.284612420390975,0.0,4250637.0,1676455.0,0.0,0.0,0.0,0
1782504499,netperf,corundum-to-nic,udp,4,corundum0,nic0,5,1408,50M,netperf_stdout,9435670000.0,5.0,37.24346384565548,0.0,4188439.0,2485669.0,0.0,0.0,0.0,0
1782504505,netperf,nic-to-corundum,udp,5,nic0,corundum0,5,1408,50M,netperf_stdout,9504870000.0,5.0,28.86165051040065,0.0,4219165.0,1711764.0,0.0,0.0,0.0,0
1782504511,netperf,corundum-to-nic,udp,5,corundum0,nic0,5,1408,50M,netperf_stdout,9435750000.0,5.0,34.47150396224183,0.0,4188474.0,2203362.0,0.0,0.0,0.0,0
1782504516,netperf,nic-to-corundum,udp,1,nic0,corundum0,5,1472,50M,netperf_stdout,9595370000.0,5.0,31.296619602926995,0.0,4074140.0,1855903.0,0.0,0.0,0.0,0
1782504522,netperf,corundum-to-nic,udp,1,corundum0,nic0,5,1472,50M,netperf_stdout,9460920000.0,5.0,39.90524411160371,0.0,4017061.0,2667484.0,0.0,0.0,0.0,0
1782504528,netperf,nic-to-corundum,udp,2,nic0,corundum0,5,1472,50M,netperf_stdout,9594100000.0,5.0,23.80847105807239,0.0,4073606.0,1272928.0,0.0,0.0,0.0,0
1782504533,netperf,corundum-to-nic,udp,2,corundum0,nic0,5,1472,50M,netperf_stdout,9460950000.0,5.0,39.95643513684234,0.0,4017067.0,2673187.0,0.0,0.0,0.0,0
1782504539,netperf,nic-to-corundum,udp,3,nic0,corundum0,5,1472,50M,netperf_stdout,9595430000.0,5.0,31.44522649323054,0.0,4074167.0,1868770.0,0.0,0.0,0.0,0
1782504545,netperf,corundum-to-nic,udp,3,corundum0,nic0,5,1472,50M,netperf_stdout,9460920000.0,5.0,40.31161776155862,0.0,4017052.0,2712988.0,0.0,0.0,0.0,0
1782504551,netperf,nic-to-corundum,udp,4,nic0,corundum0,5,1472,50M,netperf_stdout,9595410000.0,5.0,31.644877697839313,0.0,4074156.0,1886123.0,0.0,0.0,0.0,0
1782504556,netperf,corundum-to-nic,udp,4,corundum0,nic0,5,1472,50M,netperf_stdout,9460930000.0,5.0,40.42325142054492,0.0,4017057.0,2725602.0,0.0,0.0,0.0,0
1782504562,netperf,nic-to-corundum,udp,5,nic0,corundum0,5,1472,50M,netperf_stdout,9429570000.0,5.0,33.17295390629838,0.0,4003748.0,1987461.0,0.0,0.0,0.0,0
1782504568,netperf,corundum-to-nic,udp,5,corundum0,nic0,5,1472,50M,netperf_stdout,9460870000.0,5.0,40.104971121088056,0.0,4017038.0,2689759.0,0.0,0.0,0.0,0
1782504970,netperf,nic-to-corundum,udp,1,nic0,corundum0,5,256,50M,netperf_stdout,1321800000.0,5.0,49.84953619165876,0.0,3227067.0,3207703.0,0.0,0.0,0.0,0
1782504976,netperf,corundum-to-nic,udp,1,corundum0,nic0,5,256,50M,netperf_stdout,2684190000.0,5.0,0.0,0.0,6553221.0,0.0,0.0,0.0,0.0,0
1782504982,netperf,nic-to-corundum,udp,2,nic0,corundum0,5,256,50M,netperf_stdout,2716100000.0,5.0,0.0,0.0,6631141.0,0.0,0.0,0.0,0.0,0
1782504987,netperf,corundum-to-nic,udp,2,corundum0,nic0,5,256,50M,netperf_stdout,2738650000.0,5.0,0.0,0.0,6686183.0,0.0,0.0,0.0,0.0,0
1782504993,netperf,nic-to-corundum,udp,3,nic0,corundum0,5,256,50M,netperf_stdout,2682790000.0,5.0,0.0,0.0,6549828.0,0.0,0.0,0.0,0.0,0
1782504999,netperf,corundum-to-nic,udp,3,corundum0,nic0,5,256,50M,netperf_stdout,2714650000.0,5.0,0.0,0.0,6627590.0,0.0,0.0,0.0,0.0,0
1782505004,netperf,nic-to-corundum,udp,4,nic0,corundum0,5,256,50M,netperf_stdout,945580000.0,5.0,65.08716820134988,0.0,2308552.0,4303779.0,0.0,0.0,0.0,0
1782505014,netperf,corundum-to-nic,udp,4,corundum0,nic0,5,256,50M,netperf_stdout,2715330000.0,5.0,0.0,0.0,6629251.0,0.0,0.0,0.0,0.0,0
1782505020,netperf,nic-to-corundum,udp,5,nic0,corundum0,5,256,50M,netperf_stdout,2691120000.0,5.0,2.098775623572495,0.0,6570159.0,140849.0,0.0,0.0,0.0,0
1782505025,netperf,corundum-to-nic,udp,5,corundum0,nic0,5,256,50M,netperf_stdout,2744930000.0,5.0,0.0,0.0,6701503.0,0.0,0.0,0.0,0.0,0
1782505031,netperf,nic-to-corundum,udp,1,nic0,corundum0,5,320,50M,netperf_stdout,3084750000.0,5.0,7.377285575092185,0.0,6024939.0,479879.0,0.0,0.0,0.0,0
1782505037,netperf,corundum-to-nic,udp,1,corundum0,nic0,5,320,50M,netperf_stdout,3194980000.0,5.0,0.0,0.0,6240223.0,0.0,0.0,0.0,0.0,0
1782505042,netperf,nic-to-corundum,udp,2,nic0,corundum0,5,320,50M,netperf_stdout,952870000.0,5.0,71.08493073895333,0.0,1861082.0,4575292.0,0.0,0.0,0.0,0
1782505052,netperf,corundum-to-nic,udp,2,corundum0,nic0,5,320,50M,netperf_stdout,3317500000.0,5.0,0.0,0.0,6479524.0,0.0,0.0,0.0,0.0,0
1782505058,netperf,nic-to-corundum,udp,3,nic0,corundum0,5,320,50M,netperf_stdout,994880000.0,5.0,69.70306511319119,0.0,1943143.0,4470519.0,0.0,0.0,0.0,0
1782505063,netperf,corundum-to-nic,udp,3,corundum0,nic0,5,320,50M,netperf_stdout,3400850000.0,5.0,0.0,0.0,6642317.0,0.0,0.0,0.0,0.0,0
1782505069,netperf,nic-to-corundum,udp,4,nic0,corundum0,5,320,50M,netperf_stdout,3304220000.0,5.0,0.0,0.0,6453593.0,0.0,0.0,0.0,0.0,0
1782505075,netperf,corundum-to-nic,udp,4,corundum0,nic0,5,320,50M,netperf_stdout,3362020000.0,5.0,0.0,0.0,6566468.0,0.0,0.0,0.0,0.0,0
1782505081,netperf,nic-to-corundum,udp,5,nic0,corundum0,5,320,50M,netperf_stdout,3263600000.0,5.0,1.0487714424938406,0.0,6374263.0,67560.0,0.0,0.0,0.0,0
1782505086,netperf,corundum-to-nic,udp,5,corundum0,nic0,5,320,50M,netperf_stdout,3310140000.0,5.0,0.0,0.0,6465150.0,0.0,0.0,0.0,0.0,0
1782505092,netperf,nic-to-corundum,udp,1,nic0,corundum0,5,384,50M,netperf_stdout,1182440000.0,5.0,69.3961778278011,0.0,1924559.0,4364064.0,0.0,0.0,0.0,0
1782505098,netperf,corundum-to-nic,udp,1,corundum0,nic0,5,384,50M,netperf_stdout,3970090000.0,5.0,0.0,0.0,6461776.0,0.0,0.0,0.0,0.0,0
1782505103,netperf,nic-to-corundum,udp,2,nic0,corundum0,5,384,50M,netperf_stdout,3260900000.0,5.0,18.268226702370562,0.0,5307484.0,1186299.0,0.0,0.0,0.0,0
1782505109,netperf,corundum-to-nic,udp,2,corundum0,nic0,5,384,50M,netperf_stdout,3989670000.0,5.0,0.0,0.0,6493636.0,0.0,0.0,0.0,0.0,0
1782505115,netperf,nic-to-corundum,udp,3,nic0,corundum0,5,384,50M,netperf_stdout,2504550000.0,5.0,35.88847856211685,0.0,4076433.0,2281914.0,0.0,0.0,0.0,0
1782505120,netperf,corundum-to-nic,udp,3,corundum0,nic0,5,384,50M,netperf_stdout,4003030000.0,5.0,0.0,0.0,6515373.0,0.0,0.0,0.0,0.0,0
1782505126,netperf,nic-to-corundum,udp,4,nic0,corundum0,5,384,50M,netperf_stdout,3850650000.0,5.0,2.5504300317225557,0.0,6267358.0,164028.0,0.0,0.0,0.0,0
1782505132,netperf,corundum-to-nic,udp,4,corundum0,nic0,5,384,50M,netperf_stdout,3996590000.0,5.0,0.0,0.0,6504882.0,0.0,0.0,0.0,0.0,0
1782505137,netperf,nic-to-corundum,udp,5,nic0,corundum0,5,384,50M,netperf_stdout,3930880000.0,5.0,0.3799856376515256,0.0,6397944.0,24404.0,0.0,0.0,0.0,0
1782505143,netperf,corundum-to-nic,udp,5,corundum0,nic0,5,384,50M,netperf_stdout,3945540000.0,5.0,0.0,0.0,6421801.0,0.0,0.0,0.0,0.0,0
1782505149,netperf,nic-to-corundum,udp,1,nic0,corundum0,5,448,50M,netperf_stdout,4590980000.0,5.0,0.03430590094272554,0.0,6404863.0,2198.0,0.0,0.0,0.0,0
1782505154,netperf,corundum-to-nic,udp,1,corundum0,nic0,5,448,50M,netperf_stdout,4609660000.0,5.0,0.0,0.0,6430912.0,0.0,0.0,0.0,0.0,0
1782505160,netperf,nic-to-corundum,udp,2,nic0,corundum0,5,448,50M,netperf_stdout,2802570000.0,5.0,0.0,0.0,3909868.0,0.0,0.0,0.0,0.0,0
1782505166,netperf,corundum-to-nic,udp,2,corundum0,nic0,5,448,50M,netperf_stdout,4608030000.0,5.0,0.0,0.0,6428653.0,0.0,0.0,0.0,0.0,0
1782505171,netperf,nic-to-corundum,udp,3,nic0,corundum0,5,448,50M,netperf_stdout,4577060000.0,5.0,0.09756430310519203,0.0,6385446.0,6236.0,0.0,0.0,0.0,0
1782505177,netperf,corundum-to-nic,udp,3,corundum0,nic0,5,448,50M,netperf_stdout,3803390000.0,5.0,0.0,0.0,5306089.0,0.0,0.0,0.0,0.0,0
1782505183,netperf,nic-to-corundum,udp,4,nic0,corundum0,5,448,50M,netperf_stdout,1472470000.0,5.0,67.43129884151764,0.0,2054235.0,4253155.0,0.0,0.0,0.0,0
1782505192,netperf,corundum-to-nic,udp,4,corundum0,nic0,5,448,50M,netperf_stdout,4597450000.0,5.0,0.0,0.0,6413876.0,0.0,0.0,0.0,0.0,0
1782505198,netperf,nic-to-corundum,udp,5,nic0,corundum0,5,448,50M,netperf_stdout,1467290000.0,5.0,67.86731082362961,0.0,2047012.0,4323485.0,0.0,0.0,0.0,0
1782505204,netperf,corundum-to-nic,udp,5,corundum0,nic0,5,448,50M,netperf_stdout,4598560000.0,5.0,0.0,0.0,6415435.0,0.0,0.0,0.0,0.0,0
1782505209,netperf,nic-to-corundum,udp,1,nic0,corundum0,5,512,50M,netperf_stdout,5230250000.0,5.0,0.0041660839108815136,0.0,6384627.0,266.0,0.0,0.0,0.0,0
1782505215,netperf,corundum-to-nic,udp,1,corundum0,nic0,5,512,50M,netperf_stdout,5254020000.0,5.0,0.0,0.0,6413626.0,0.0,0.0,0.0,0.0,0
1782505221,netperf,nic-to-corundum,udp,2,nic0,corundum0,5,512,50M,netperf_stdout,1382170000.0,5.0,73.47769948107036,0.0,1687231.0,4674325.0,0.0,0.0,0.0,0
1782505227,netperf,corundum-to-nic,udp,2,corundum0,nic0,5,512,50M,netperf_stdout,5248300000.0,5.0,0.0,0.0,6406656.0,0.0,0.0,0.0,0.0,0
1782505232,netperf,nic-to-corundum,udp,3,nic0,corundum0,5,512,50M,netperf_stdout,5227190000.0,5.0,0.8634247919780761,0.0,6380887.0,55574.0,0.0,0.0,0.0,0
1782505238,netperf,corundum-to-nic,udp,3,corundum0,nic0,5,512,50M,netperf_stdout,5270540000.0,5.0,0.0,0.0,6433790.0,0.0,0.0,0.0,0.0,0
1782505244,netperf,nic-to-corundum,udp,4,nic0,corundum0,5,512,50M,netperf_stdout,5233580000.0,5.0,0.0,0.0,6388674.0,0.0,0.0,0.0,0.0,0
1782505249,netperf,corundum-to-nic,udp,4,corundum0,nic0,5,512,50M,netperf_stdout,4669670000.0,5.0,0.0,0.0,5700317.0,0.0,0.0,0.0,0.0,0
1782505255,netperf,nic-to-corundum,udp,5,nic0,corundum0,5,512,50M,netperf_stdout,5217340000.0,5.0,0.0,0.0,6368841.0,0.0,0.0,0.0,0.0,0
1782505261,netperf,corundum-to-nic,udp,5,corundum0,nic0,5,512,50M,netperf_stdout,4306690000.0,5.0,0.0,0.0,5257213.0,0.0,0.0,0.0,0.0,0
1782505266,netperf,nic-to-corundum,udp,1,nic0,corundum0,5,576,50M,netperf_stdout,2552670000.0,5.0,56.378777687503025,0.0,2769839.0,3579912.0,0.0,0.0,0.0,0
1782505272,netperf,corundum-to-nic,udp,1,corundum0,nic0,5,576,50M,netperf_stdout,5836330000.0,5.0,0.0,0.0,6332843.0,0.0,0.0,0.0,0.0,0
1782505278,netperf,nic-to-corundum,udp,2,nic0,corundum0,5,576,50M,netperf_stdout,5880180000.0,5.0,0.023472512168335208,0.0,6380435.0,1498.0,0.0,0.0,0.0,0
1782505283,netperf,corundum-to-nic,udp,2,corundum0,nic0,5,576,50M,netperf_stdout,5911260000.0,5.0,0.0,0.0,6414157.0,0.0,0.0,0.0,0.0,0
1782505289,netperf,nic-to-corundum,udp,3,nic0,corundum0,5,576,50M,netperf_stdout,5881240000.0,5.0,0.0,0.0,6381588.0,0.0,0.0,0.0,0.0,0
1782505295,netperf,corundum-to-nic,udp,3,corundum0,nic0,5,576,50M,netperf_stdout,5908390000.0,5.0,0.0,0.0,6411048.0,0.0,0.0,0.0,0.0,0
1782505300,netperf,nic-to-corundum,udp,4,nic0,corundum0,5,576,50M,netperf_stdout,2046260000.0,5.0,64.87494627243407,0.0,2220340.0,4100903.0,0.0,0.0,0.0,0
1782505306,netperf,corundum-to-nic,udp,4,corundum0,nic0,5,576,50M,netperf_stdout,5926980000.0,5.0,0.0,0.0,6431207.0,0.0,0.0,0.0,0.0,0
1782505312,netperf,nic-to-corundum,udp,5,nic0,corundum0,5,576,50M,netperf_stdout,5893110000.0,5.0,0.047159230790272726,0.0,6394458.0,3017.0,0.0,0.0,0.0,0
1782505317,netperf,corundum-to-nic,udp,5,corundum0,nic0,5,576,50M,netperf_stdout,5749850000.0,5.0,0.0,0.0,6239009.0,0.0,0.0,0.0,0.0,0
1782505323,netperf,nic-to-corundum,udp,1,nic0,corundum0,5,640,50M,netperf_stdout,2681360000.0,5.0,58.59046191264634,0.0,2618528.0,3704962.0,0.0,0.0,0.0,0
1782505333,netperf,corundum-to-nic,udp,1,corundum0,nic0,5,640,50M,netperf_stdout,6562770000.0,5.0,0.0,0.0,6408987.0,0.0,0.0,0.0,0.0,0
1782505338,netperf,nic-to-corundum,udp,2,nic0,corundum0,5,640,50M,netperf_stdout,6373890000.0,5.0,2.7532025864412435,0.0,6224538.0,176226.0,0.0,0.0,0.0,0
1782505344,netperf,corundum-to-nic,udp,2,corundum0,nic0,5,640,50M,netperf_stdout,6568980000.0,5.0,0.0,0.0,6415044.0,0.0,0.0,0.0,0.0,0
1782505350,netperf,nic-to-corundum,udp,3,nic0,corundum0,5,640,50M,netperf_stdout,6443020000.0,5.0,1.25508139730324,0.0,6292043.0,79974.0,0.0,0.0,0.0,0
1782505355,netperf,corundum-to-nic,udp,3,corundum0,nic0,5,640,50M,netperf_stdout,6558460000.0,5.0,0.0,0.0,6404781.0,0.0,0.0,0.0,0.0,0
1782505361,netperf,nic-to-corundum,udp,4,nic0,corundum0,5,640,50M,netperf_stdout,3549200000.0,5.0,0.0,0.0,3466040.0,0.0,0.0,0.0,0.0,0
1782505367,netperf,corundum-to-nic,udp,4,corundum0,nic0,5,640,50M,netperf_stdout,6558690000.0,5.0,0.0,0.0,6405013.0,0.0,0.0,0.0,0.0,0
1782505372,netperf,nic-to-corundum,udp,5,nic0,corundum0,5,640,50M,netperf_stdout,6534310000.0,5.0,0.026054143110097006,0.0,6381199.0,1663.0,0.0,0.0,0.0,0
1782505378,netperf,corundum-to-nic,udp,5,corundum0,nic0,5,640,50M,netperf_stdout,6559060000.0,5.0,0.0,0.0,6405355.0,0.0,0.0,0.0,0.0,0
1782505384,netperf,nic-to-corundum,udp,1,nic0,corundum0,5,704,50M,netperf_stdout,3469960000.0,5.0,51.16627446069367,0.0,3080595.0,3227740.0,0.0,0.0,0.0,0
1782505389,netperf,corundum-to-nic,udp,1,corundum0,nic0,5,704,50M,netperf_stdout,7171930000.0,5.0,0.0,0.0,6367157.0,0.0,0.0,0.0,0.0,0
1782505395,netperf,nic-to-corundum,udp,2,nic0,corundum0,5,704,50M,netperf_stdout,2385260000.0,5.0,62.17309142302573,0.0,2117612.0,3480551.0,0.0,0.0,0.0,0
1782505401,netperf,corundum-to-nic,udp,2,corundum0,nic0,5,704,50M,netperf_stdout,7191110000.0,5.0,0.0,0.0,6384187.0,0.0,0.0,0.0,0.0,0
1782505406,netperf,nic-to-corundum,udp,3,nic0,corundum0,5,704,50M,netperf_stdout,7103730000.0,5.0,0.09663044872962642,0.0,6306610.0,6100.0,0.0,0.0,0.0,0
1782505412,netperf,corundum-to-nic,udp,3,corundum0,nic0,5,704,50M,netperf_stdout,7166970000.0,5.0,0.0,0.0,6362759.0,0.0,0.0,0.0,0.0,0
1782505418,netperf,nic-to-corundum,udp,4,nic0,corundum0,5,704,50M,netperf_stdout,7127600000.0,5.0,0.15529427729069709,0.0,6327803.0,9842.0,0.0,0.0,0.0,0
1782505423,netperf,corundum-to-nic,udp,4,corundum0,nic0,5,704,50M,netperf_stdout,7202710000.0,5.0,0.0,0.0,6394487.0,0.0,0.0,0.0,0.0,0
1782505429,netperf,nic-to-corundum,udp,5,nic0,corundum0,5,704,50M,netperf_stdout,7054070000.0,5.0,0.7489339150133705,0.0,6262513.0,47256.0,0.0,0.0,0.0,0
1782505435,netperf,corundum-to-nic,udp,5,corundum0,nic0,5,704,50M,netperf_stdout,7219720000.0,5.0,0.0,0.0,6409579.0,0.0,0.0,0.0,0.0,0
1782505441,netperf,nic-to-corundum,udp,1,nic0,corundum0,5,768,50M,netperf_stdout,2395850000.0,5.0,68.94065131061961,0.0,1949759.0,4327768.0,0.0,0.0,0.0,0
1782505446,netperf,corundum-to-nic,udp,1,corundum0,nic0,5,768,50M,netperf_stdout,7866290000.0,5.0,0.0,0.0,6401630.0,0.0,0.0,0.0,0.0,0
1782505452,netperf,nic-to-corundum,udp,2,nic0,corundum0,5,768,50M,netperf_stdout,7743080000.0,5.0,0.18049131846896346,0.0,6301375.0,11394.0,0.0,0.0,0.0,0
1782505458,netperf,corundum-to-nic,udp,2,corundum0,nic0,5,768,50M,netperf_stdout,7814900000.0,5.0,0.0,0.0,6359804.0,0.0,0.0,0.0,0.0,0
1782505463,netperf,nic-to-corundum,udp,3,nic0,corundum0,5,768,50M,netperf_stdout,7678190000.0,5.0,0.0,0.0,6248555.0,0.0,0.0,0.0,0.0,0
1782505469,netperf,corundum-to-nic,udp,3,corundum0,nic0,5,768,50M,netperf_stdout,7864030000.0,5.0,0.0,0.0,6399800.0,0.0,0.0,0.0,0.0,0
1782505475,netperf,nic-to-corundum,udp,4,nic0,corundum0,5,768,50M,netperf_stdout,3712930000.0,5.0,43.80293218524221,0.0,3021609.0,2355200.0,0.0,0.0,0.0,0
1782505480,netperf,corundum-to-nic,udp,4,corundum0,nic0,5,768,50M,netperf_stdout,6533070000.0,5.0,0.0,0.0,5316651.0,0.0,0.0,0.0,0.0,0
1782505486,netperf,nic-to-corundum,udp,5,nic0,corundum0,5,768,50M,netperf_stdout,7691040000.0,5.0,0.03542432124013872,0.0,6259017.0,2218.0,0.0,0.0,0.0,0
1782505492,netperf,corundum-to-nic,udp,5,corundum0,nic0,5,768,50M,netperf_stdout,6642670000.0,5.0,0.0,0.0,5405839.0,0.0,0.0,0.0,0.0,0
1782505497,netperf,nic-to-corundum,udp,1,nic0,corundum0,5,832,50M,netperf_stdout,8407510000.0,5.0,1.082525709554897,0.0,6315765.0,69118.0,0.0,0.0,0.0,0
1782505503,netperf,corundum-to-nic,udp,1,corundum0,nic0,5,832,50M,netperf_stdout,8443190000.000001,5.0,0.0,0.0,6342572.0,0.0,0.0,0.0,0.0,0
1782505509,netperf,nic-to-corundum,udp,2,nic0,corundum0,5,832,50M,netperf_stdout,8415629999.999999,5.0,1.0021201526309451,0.0,6321867.0,63994.0,0.0,0.0,0.0,0
1782505514,netperf,corundum-to-nic,udp,2,corundum0,nic0,5,832,50M,netperf_stdout,8363480000.0,5.0,0.0,0.0,6282697.0,0.0,0.0,0.0,0.0,0
1782505520,netperf,nic-to-corundum,udp,3,nic0,corundum0,5,832,50M,netperf_stdout,8382480000.0,5.0,0.0,0.0,6296957.0,0.0,0.0,0.0,0.0,0
1782505526,netperf,corundum-to-nic,udp,3,corundum0,nic0,5,832,50M,netperf_stdout,8479570000.0,5.0,0.0,0.0,6369893.0,0.0,0.0,0.0,0.0,0
1782505531,netperf,nic-to-corundum,udp,4,nic0,corundum0,5,832,50M,netperf_stdout,8381930000.0,5.0,0.10951133639842392,0.0,6296554.0,6903.0,0.0,0.0,0.0,0
1782505537,netperf,corundum-to-nic,udp,4,corundum0,nic0,5,832,50M,netperf_stdout,8466010000.0,5.0,0.0,0.0,6359722.0,0.0,0.0,0.0,0.0,0
1782505543,netperf,nic-to-corundum,udp,5,nic0,corundum0,5,832,50M,netperf_stdout,8306750000.0,5.0,0.5601385637792254,0.0,6240083.0,35150.0,0.0,0.0,0.0,0
1782505548,netperf,corundum-to-nic,udp,5,corundum0,nic0,5,832,50M,netperf_stdout,8475260000.0,5.0,0.0,0.0,6366657.0,0.0,0.0,0.0,0.0,0
1782505554,netperf,nic-to-corundum,udp,1,nic0,corundum0,5,896,50M,netperf_stdout,2784380000.0,5.0,67.25806098142776,0.0,1942242.0,3989728.0,0.0,0.0,0.0,0
1782505560,netperf,corundum-to-nic,udp,1,corundum0,nic0,5,896,50M,netperf_stdout,9118730000.0,5.0,9.31744980833473,0.0,6360757.0,653555.0,0.0,0.0,0.0,0
1782505565,netperf,nic-to-corundum,udp,2,nic0,corundum0,5,896,50M,netperf_stdout,9038030000.0,5.0,0.09538095651617214,0.0,6304465.0,6019.0,0.0,0.0,0.0,0
1782505571,netperf,corundum-to-nic,udp,2,corundum0,nic0,5,896,50M,netperf_stdout,9085620000.0,5.0,9.22898574969092,0.0,6337654.0,644370.0,0.0,0.0,0.0,0
1782505577,netperf,nic-to-corundum,udp,3,nic0,corundum0,5,896,50M,netperf_stdout,8980570000.0,5.0,0.30982578525853716,0.0,6264385.0,19469.0,0.0,0.0,0.0,0
1782505582,netperf,corundum-to-nic,udp,3,corundum0,nic0,5,896,50M,netperf_stdout,9109110000.0,5.0,6.792791212247276,0.0,6354051.0,463073.0,0.0,0.0,0.0,0
1782505588,netperf,nic-to-corundum,udp,4,nic0,corundum0,5,896,50M,netperf_stdout,8825590000.0,5.0,0.07894653125432144,0.0,6156268.0,4864.0,0.0,0.0,0.0,0
1782505594,netperf,corundum-to-nic,udp,4,corundum0,nic0,5,896,50M,netperf_stdout,9119340000.0,5.0,8.170573405381933,0.0,6361186.0,565990.0,0.0,0.0,0.0,0
1782505599,netperf,nic-to-corundum,udp,5,nic0,corundum0,5,896,50M,netperf_stdout,8965970000.0,5.0,0.09798224307455308,0.0,6254184.0,6134.0,0.0,0.0,0.0,0
1782505605,netperf,corundum-to-nic,udp,5,corundum0,nic0,5,896,50M,netperf_stdout,9112450000.0,5.0,7.508325729213397,0.0,6356371.0,516000.0,0.0,0.0,0.0,0
1782505611,netperf,nic-to-corundum,udp,1,nic0,corundum0,5,960,50M,netperf_stdout,9300610000.0,5.0,0.768209033617749,0.0,6055109.0,46876.0,0.0,0.0,0.0,0
1782505616,netperf,corundum-to-nic,udp,1,corundum0,nic0,5,960,50M,netperf_stdout,9174090000.0,5.0,13.840785825958834,0.0,5972748.0,959474.0,0.0,0.0,0.0,0
1782505622,netperf,nic-to-corundum,udp,2,nic0,corundum0,5,960,50M,netperf_stdout,3399370000.0,5.0,61.62365379586735,0.0,2213147.0,3553809.0,0.0,0.0,0.0,0
1782505632,netperf,corundum-to-nic,udp,2,corundum0,nic0,5,960,50M,netperf_stdout,9175570000.0,5.0,13.228207536851139,0.0,5973706.0,910681.0,0.0,0.0,0.0,0
1782505637,netperf,nic-to-corundum,udp,3,nic0,corundum0,5,960,50M,netperf_stdout,5061600000.0,5.0,45.963661789191676,0.0,3295338.0,2803036.0,0.0,0.0,0.0,0
1782505647,netperf,corundum-to-nic,udp,3,corundum0,nic0,5,960,50M,netperf_stdout,9173360000.0,5.0,14.19293466001582,0.0,5972273.0,987845.0,0.0,0.0,0.0,0
1782505653,netperf,nic-to-corundum,udp,4,nic0,corundum0,5,960,50M,netperf_stdout,9362790000.0,5.0,0.24389166189346206,0.0,6095597.0,14903.0,0.0,0.0,0.0,0
1782505659,netperf,corundum-to-nic,udp,4,corundum0,nic0,5,960,50M,netperf_stdout,9175870000.0,5.0,14.136616295292951,0.0,5973908.0,983549.0,0.0,0.0,0.0,0
1782505664,netperf,nic-to-corundum,udp,5,nic0,corundum0,5,960,50M,netperf_stdout,2731560000.0,5.0,70.71435076170528,0.0,1778369.0,4294124.0,0.0,0.0,0.0,0
1782505670,netperf,corundum-to-nic,udp,5,corundum0,nic0,5,960,50M,netperf_stdout,8450639999.999999,5.0,0.0709088851702894,0.0,5501753.0,3904.0,0.0,0.0,0.0,0
1782505676,netperf,nic-to-corundum,udp,1,nic0,corundum0,5,1024,50M,netperf_stdout,8602350000.0,5.0,8.572414654154494,0.0,5250486.0,492295.0,0.0,0.0,0.0,0
1782505681,netperf,corundum-to-nic,udp,1,corundum0,nic0,5,1024,50M,netperf_stdout,9225330000.0,5.0,19.3915020558988,0.0,5630718.0,1354548.0,0.0,0.0,0.0,0
1782505687,netperf,nic-to-corundum,udp,2,nic0,corundum0,5,1024,50M,netperf_stdout,6861930000.0,5.0,28.015215705066122,0.0,4188218.0,1629981.0,0.0,0.0,0.0,0
1782505697,netperf,corundum-to-nic,udp,2,corundum0,nic0,5,1024,50M,netperf_stdout,9224060000.0,5.0,18.615823998989264,0.0,5629940.0,1287793.0,0.0,0.0,0.0,0
1782505702,netperf,nic-to-corundum,udp,3,nic0,corundum0,5,1024,50M,netperf_stdout,9402580000.0,5.0,0.5081807690167318,0.0,5738910.0,29313.0,0.0,0.0,0.0,0
1782505708,netperf,corundum-to-nic,udp,3,corundum0,nic0,5,1024,50M,netperf_stdout,9225980000.0,5.0,16.684152597655753,0.0,5631124.0,1127643.0,0.0,0.0,0.0,0
1782505714,netperf,nic-to-corundum,udp,4,nic0,corundum0,5,1024,50M,netperf_stdout,9371890000.0,5.0,3.5369912648165824,0.0,5720186.0,209741.0,0.0,0.0,0.0,0
1782505719,netperf,corundum-to-nic,udp,4,corundum0,nic0,5,1024,50M,netperf_stdout,9041160000.0,5.0,11.552502684289562,0.0,5518311.0,720770.0,0.0,0.0,0.0,0
1782505725,netperf,nic-to-corundum,udp,5,nic0,corundum0,5,1024,50M,netperf_stdout,9337730000.0,5.0,3.2341740892207387,0.0,5699332.0,190487.0,0.0,0.0,0.0,0
1782505731,netperf,corundum-to-nic,udp,5,corundum0,nic0,5,1024,50M,netperf_stdout,9225700000.0,5.0,17.815473169800466,0.0,5630946.0,1220643.0,0.0,0.0,0.0,0
1782505736,netperf,nic-to-corundum,udp,1,nic0,corundum0,5,1088,50M,netperf_stdout,9189120000.0,5.0,6.460762757756439,0.0,5278711.0,364601.0,0.0,0.0,0.0,0
1782505742,netperf,corundum-to-nic,udp,1,corundum0,nic0,5,1088,50M,netperf_stdout,9270170000.0,5.0,23.15182374478829,0.0,5325262.0,1604326.0,0.0,0.0,0.0,0
1782505748,netperf,nic-to-corundum,udp,2,nic0,corundum0,5,1088,50M,netperf_stdout,9399290000.0,5.0,8.205883817995954,0.0,5399452.0,482681.0,0.0,0.0,0.0,0
1782505753,netperf,corundum-to-nic,udp,2,corundum0,nic0,5,1088,50M,netperf_stdout,9270210000.0,5.0,23.862352685000786,0.0,5325281.0,1669000.0,0.0,0.0,0.0,0
1782505759,netperf,nic-to-corundum,udp,3,nic0,corundum0,5,1088,50M,netperf_stdout,9406290000.0,5.0,9.37988920225996,0.0,5403457.0,559300.0,0.0,0.0,0.0,0
1782505765,netperf,corundum-to-nic,udp,3,corundum0,nic0,5,1088,50M,netperf_stdout,9269410000.0,5.0,23.452491473130767,0.0,5324833.0,1631413.0,0.0,0.0,0.0,0
1782505770,netperf,nic-to-corundum,udp,4,nic0,corundum0,5,1088,50M,netperf_stdout,6407170000.0,5.0,34.3899129938139,0.0,3680615.0,1929216.0,0.0,0.0,0.0,0
1782505780,netperf,corundum-to-nic,udp,4,corundum0,nic0,5,1088,50M,netperf_stdout,9269450000.0,5.0,23.118555216272714,0.0,5324845.0,1601202.0,0.0,0.0,0.0,0
1782505786,netperf,nic-to-corundum,udp,5,nic0,corundum0,5,1088,50M,netperf_stdout,9353410000.0,5.0,10.868206759072653,0.0,5373090.0,655163.0,0.0,0.0,0.0,0
1782505792,netperf,corundum-to-nic,udp,5,corundum0,nic0,5,1088,50M,netperf_stdout,9269630000.0,5.0,22.903911328246256,0.0,5324959.0,1581953.0,0.0,0.0,0.0,0
1782505797,netperf,nic-to-corundum,udp,1,nic0,corundum0,5,1152,50M,netperf_stdout,7035330000.0,5.0,30.59068058514338,0.0,3816933.0,1682232.0,0.0,0.0,0.0,0
1782505803,netperf,corundum-to-nic,udp,1,corundum0,nic0,5,1152,50M,netperf_stdout,9308570000.0,5.0,26.559154420810714,0.0,5050242.0,1826370.0,0.0,0.0,0.0,0
1782505809,netperf,nic-to-corundum,udp,2,nic0,corundum0,5,1152,50M,netperf_stdout,9457430000.0,5.0,14.07338498522537,0.0,5131009.0,840376.0,0.0,0.0,0.0,0
1782505814,netperf,corundum-to-nic,udp,2,corundum0,nic0,5,1152,50M,netperf_stdout,9309730000.0,5.0,24.897428382759372,0.0,5050874.0,1674427.0,0.0,0.0,0.0,0
1782505820,netperf,nic-to-corundum,udp,3,nic0,corundum0,5,1152,50M,netperf_stdout,9284310000.0,5.0,8.163760917753079,0.0,5037102.0,447772.0,0.0,0.0,0.0,0
1782505826,netperf,corundum-to-nic,udp,3,corundum0,nic0,5,1152,50M,netperf_stdout,9290390000.0,5.0,0.5988651006417581,0.0,5040391.0,30367.0,0.0,0.0,0.0,0
1782505831,netperf,nic-to-corundum,udp,4,nic0,corundum0,5,1152,50M,netperf_stdout,9417120000.0,5.0,14.782660183972846,0.0,5109163.0,886287.0,0.0,0.0,0.0,0
1782505837,netperf,corundum-to-nic,udp,4,corundum0,nic0,5,1152,50M,netperf_stdout,9308240000.0,5.0,26.810067726587544,0.0,5050068.0,1849881.0,0.0,0.0,0.0,0
1782505843,netperf,nic-to-corundum,udp,5,nic0,corundum0,5,1152,50M,netperf_stdout,9387380000.0,5.0,12.860918928417014,0.0,5093017.0,751682.0,0.0,0.0,0.0,0
1782505848,netperf,corundum-to-nic,udp,5,corundum0,nic0,5,1152,50M,netperf_stdout,9308560000.0,5.0,24.642624952754616,0.0,5050235.0,1651478.0,0.0,0.0,0.0,0
1782505854,netperf,nic-to-corundum,udp,1,nic0,corundum0,5,1216,50M,netperf_stdout,9459970000.0,5.0,16.612321204917176,0.0,4862258.0,968649.0,0.0,0.0,0.0,0
1782505860,netperf,corundum-to-nic,udp,1,corundum0,nic0,5,1216,50M,netperf_stdout,9345680000.0,5.0,30.47096224251275,0.0,4803513.0,2105130.0,0.0,0.0,0.0,0
1782505865,netperf,nic-to-corundum,udp,2,nic0,corundum0,5,1216,50M,netperf_stdout,8172160000.0,5.0,27.46818601350179,0.0,4200379.0,1590706.0,0.0,0.0,0.0,0
1782505871,netperf,corundum-to-nic,udp,2,corundum0,nic0,5,1216,50M,netperf_stdout,9345390000.0,5.0,11.136139992684972,0.0,4803368.0,601943.0,0.0,0.0,0.0,0
1782505877,netperf,nic-to-corundum,udp,3,nic0,corundum0,5,1216,50M,netperf_stdout,9462690000.0,5.0,17.928859437527368,0.0,4863663.0,1062492.0,0.0,0.0,0.0,0
1782505882,netperf,corundum-to-nic,udp,3,corundum0,nic0,5,1216,50M,netperf_stdout,9344980000.0,5.0,30.172011368081996,0.0,4803158.0,2075399.0,0.0,0.0,0.0,0
1782505888,netperf,nic-to-corundum,udp,4,nic0,corundum0,5,1216,50M,netperf_stdout,9466480000.0,5.0,19.04032871030391,0.0,4865605.0,1144307.0,0.0,0.0,0.0,0
1782505894,netperf,corundum-to-nic,udp,4,corundum0,nic0,5,1216,50M,netperf_stdout,9345780000.0,5.0,29.414012963482712,0.0,4803567.0,2001703.0,0.0,0.0,0.0,0
1782505899,netperf,nic-to-corundum,udp,5,nic0,corundum0,5,1216,50M,netperf_stdout,9459990000.0,5.0,16.388441411226086,0.0,4862273.0,953039.0,0.0,0.0,0.0,0
1782505905,netperf,corundum-to-nic,udp,5,corundum0,nic0,5,1216,50M,netperf_stdout,9345720000.0,5.0,29.10706584959888,0.0,4803545.0,1972229.0,0.0,0.0,0.0,0
1782505911,netperf,nic-to-corundum,udp,1,nic0,corundum0,5,1280,50M,netperf_stdout,9467670000.0,5.0,10.9007511591951,0.0,4622927.0,565587.0,0.0,0.0,0.0,0
1782505917,netperf,corundum-to-nic,udp,1,corundum0,nic0,5,1280,50M,netperf_stdout,9378270000.0,5.0,34.12688331702301,0.0,4579256.0,2372375.0,0.0,0.0,0.0,0
1782505922,netperf,nic-to-corundum,udp,2,nic0,corundum0,5,1280,50M,netperf_stdout,9477290000.0,5.0,15.253366941860289,0.0,4627606.0,832913.0,0.0,0.0,0.0,0
1782505928,netperf,corundum-to-nic,udp,2,corundum0,nic0,5,1280,50M,netperf_stdout,9377070000.0,5.0,33.317284061194044,0.0,4578672.0,2287683.0,0.0,0.0,0.0,0
1782505934,netperf,nic-to-corundum,udp,3,nic0,corundum0,5,1280,50M,netperf_stdout,9485380000.0,5.0,22.57032271093637,0.0,4631563.0,1350075.0,0.0,0.0,0.0,0
1782505939,netperf,corundum-to-nic,udp,3,corundum0,nic0,5,1280,50M,netperf_stdout,9378140000.0,5.0,33.88826447044624,0.0,4579193.0,2347252.0,0.0,0.0,0.0,0
1782505945,netperf,nic-to-corundum,udp,4,nic0,corundum0,5,1280,50M,netperf_stdout,9489220000.0,5.0,20.815322066571763,0.0,4633436.0,1217994.0,0.0,0.0,0.0,0
1782505951,netperf,corundum-to-nic,udp,4,corundum0,nic0,5,1280,50M,netperf_stdout,9377940000.0,5.0,30.435822248716534,0.0,4579094.0,2003452.0,0.0,0.0,0.0,0
1782505956,netperf,nic-to-corundum,udp,5,nic0,corundum0,5,1280,50M,netperf_stdout,9494640000.0,5.0,24.315504351295527,0.0,4636078.0,1489454.0,0.0,0.0,0.0,0
1782505962,netperf,corundum-to-nic,udp,5,corundum0,nic0,5,1280,50M,netperf_stdout,9378540000.0,5.0,32.47196989202027,0.0,4579385.0,2202073.0,0.0,0.0,0.0,0
1782505968,netperf,nic-to-corundum,udp,1,nic0,corundum0,5,1344,50M,netperf_stdout,9507300000.0,5.0,24.4619888855971,0.0,4421199.0,1431747.0,0.0,0.0,0.0,0
1782505973,netperf,corundum-to-nic,udp,1,corundum0,nic0,5,1344,50M,netperf_stdout,9407550000.0,5.0,35.716782633649785,0.0,4374813.0,2430716.0,0.0,0.0,0.0,0
1782505979,netperf,nic-to-corundum,udp,2,nic0,corundum0,5,1344,50M,netperf_stdout,9554350000.0,5.0,24.33333424161278,0.0,4443077.0,1428831.0,0.0,0.0,0.0,0
1782505985,netperf,corundum-to-nic,udp,2,corundum0,nic0,5,1344,50M,netperf_stdout,9407250000.0,5.0,36.53981648102252,0.0,4374669.0,2518896.0,0.0,0.0,0.0,0
1782505990,netperf,nic-to-corundum,udp,3,nic0,corundum0,5,1344,50M,netperf_stdout,9515040000.0,5.0,25.025877860564716,0.0,4424795.0,1476968.0,0.0,0.0,0.0,0
1782505996,netperf,corundum-to-nic,udp,3,corundum0,nic0,5,1344,50M,netperf_stdout,9406720000.0,5.0,35.28903059915008,0.0,4374435.0,2385524.0,0.0,0.0,0.0,0
1782506002,netperf,nic-to-corundum,udp,4,nic0,corundum0,5,1344,50M,netperf_stdout,9511440000.0,5.0,24.484803350634884,0.0,4423135.0,1434143.0,0.0,0.0,0.0,0
1782506007,netperf,corundum-to-nic,udp,4,corundum0,nic0,5,1344,50M,netperf_stdout,9398680000.0,5.0,22.23066023945978,0.0,4370689.0,1249378.0,0.0,0.0,0.0,0
1782506013,netperf,nic-to-corundum,udp,5,nic0,corundum0,5,1344,50M,netperf_stdout,9510260000.0,5.0,24.95239323476558,0.0,4422608.0,1470462.0,0.0,0.0,0.0,0
1782506019,netperf,corundum-to-nic,udp,5,corundum0,nic0,5,1344,50M,netperf_stdout,9408380000.0,5.0,35.91101029228037,0.0,4375206.0,2451561.0,0.0,0.0,0.0,0
1782506025,netperf,nic-to-corundum,udp,1,nic0,corundum0,5,1408,50M,netperf_stdout,9537870000.0,5.0,28.821800852732714,0.0,4233801.0,1714370.0,0.0,0.0,0.0,0
1782506030,netperf,corundum-to-nic,udp,1,corundum0,nic0,5,1408,50M,netperf_stdout,9435780000.0,5.0,38.6027915730963,0.0,4188493.0,2633467.0,0.0,0.0,0.0,0
1782506036,netperf,nic-to-corundum,udp,2,nic0,corundum0,5,1408,50M,netperf_stdout,9530960000.0,5.0,29.261622988152126,0.0,4230735.0,1750085.0,0.0,0.0,0.0,0
1782506042,netperf,corundum-to-nic,udp,2,corundum0,nic0,5,1408,50M,netperf_stdout,9435780000.0,5.0,38.753082280268124,0.0,4188485.0,2650202.0,0.0,0.0,0.0,0
1782506047,netperf,nic-to-corundum,udp,3,nic0,corundum0,5,1408,50M,netperf_stdout,9538370000.0,5.0,28.08485702881504,0.0,4234040.0,1653510.0,0.0,0.0,0.0,0
1782506053,netperf,corundum-to-nic,udp,3,corundum0,nic0,5,1408,50M,netperf_stdout,9435700000.0,5.0,38.48126967415661,0.0,4188456.0,2619968.0,0.0,0.0,0.0,0
1782506059,netperf,nic-to-corundum,udp,4,nic0,corundum0,5,1408,50M,netperf_stdout,6975830000.0,5.0,2.1659738478128103,0.0,3096534.0,68555.0,0.0,0.0,0.0,0
1782506064,netperf,corundum-to-nic,udp,4,corundum0,nic0,5,1408,50M,netperf_stdout,9430490000.0,5.0,12.223977260408455,0.0,4186150.0,582977.0,0.0,0.0,0.0,0
1782506070,netperf,nic-to-corundum,udp,5,nic0,corundum0,5,1408,50M,netperf_stdout,9541960000.0,5.0,31.145024741083855,0.0,4235620.0,1915889.0,0.0,0.0,0.0,0
1782506076,netperf,corundum-to-nic,udp,5,corundum0,nic0,5,1408,50M,netperf_stdout,9435600000.0,5.0,37.465445459628576,0.0,4188405.0,2509340.0,0.0,0.0,0.0,0
1782506081,netperf,nic-to-corundum,udp,1,nic0,corundum0,5,1472,50M,netperf_stdout,9555880000.0,5.0,32.6802326314525,0.0,4057392.0,1969652.0,0.0,0.0,0.0,0
1782506087,netperf,corundum-to-nic,udp,1,corundum0,nic0,5,1472,50M,netperf_stdout,9459580000.0,5.0,41.32297688937949,0.0,4016488.0,2828590.0,0.0,0.0,0.0,0
1782506093,netperf,nic-to-corundum,udp,2,nic0,corundum0,5,1472,50M,netperf_stdout,9569820000.0,5.0,25.09885925671406,0.0,4063300.0,1361584.0,0.0,0.0,0.0,0
1782506098,netperf,corundum-to-nic,udp,2,corundum0,nic0,5,1472,50M,netperf_stdout,9460930000.0,5.0,41.35982328483846,0.0,4017055.0,2833291.0,0.0,0.0,0.0,0
1782506104,netperf,nic-to-corundum,udp,3,nic0,corundum0,5,1472,50M,netperf_stdout,9559600000.0,5.0,32.000209747249535,0.0,4058968.0,1910121.0,0.0,0.0,0.0,0
1782506110,netperf,corundum-to-nic,udp,3,corundum0,nic0,5,1472,50M,netperf_stdout,9461040000.0,5.0,40.06167956171075,0.0,4017101.0,2684957.0,0.0,0.0,0.0,0
1782506115,netperf,nic-to-corundum,udp,4,nic0,corundum0,5,1472,50M,netperf_stdout,9548910000.0,5.0,25.605398239425313,0.0,4054450.0,1395475.0,0.0,0.0,0.0,0
1782506121,netperf,corundum-to-nic,udp,4,corundum0,nic0,5,1472,50M,netperf_stdout,9460690000.0,5.0,41.49456157623989,0.0,4016960.0,2849000.0,0.0,0.0,0.0,0
1782506127,netperf,nic-to-corundum,udp,5,nic0,corundum0,5,1472,50M,netperf_stdout,9572280000.0,5.0,30.220862314684034,0.0,4064341.0,1760238.0,0.0,0.0,0.0,0
1782506133,netperf,corundum-to-nic,udp,5,corundum0,nic0,5,1472,50M,netperf_stdout,9460970000.0,5.0,41.624680755216,0.0,4017083.0,2864392.0,0.0,0.0,0.0,0
